Time,Temperature,Pressure,Altitude,Pitch,Yaw,Roll,AccelX,AccelY,AccelZ,ServoX,ServoY
0,41.72,1008.08,-58.44,0.01,-0.19,1.23,-23.07,5.9,1.94,1.1,0.34
6,41.72,1009.35,-93.23,0.21,0.09,1.38,-27.51,1.03,-2.43,1.1,0.34
23,41.72,1011.89,-162.72,0.36,0.61,-1.89,-34.88,-2.54,-4.66,1.1,0.34
40,41.72,1011.51,-152.33,0.72,0.33,-1.66,-40.09,3.4,4.58,1.1,0.34
57,41.71,1009.82,-106.1,0.06,0.12,-1.09,-42.75,0.72,-1.81,1.1,0.34
74,41.71,1007.79,-50.49,-0.79,-0.34,-0.17,-35.95,-9.29,5.97,1.1,0.34
91,41.72,1006.42,-12.9,-1.91,-1.2,0.14,-39.48,-2.87,4.87,6.98,4.53
108,41.74,1007.1,-31.56,-3.34,-2.41,0.55,-36.38,-4.92,3.31,6.98,4.53
125,41.77,1006.16,-5.76,-5.04,-3.81,0.88,-31.06,-3.19,3.3,6.98,4.53
142,41.81,1006.62,-18.39,-6.82,-5.52,1.66,-29.22,-2.16,2.58,6.98,4.53
159,41.84,1006.06,-3.02,-8.76,-7.31,2.66,-24.7,-2.17,2.59,6.98,4.53
176,41.86,1005.84,3.02,-10.89,-9.27,3.94,-23.74,-1.75,2.27,6.98,4.53
193,41.89,1006.05,-2.75,-13.29,-11.41,4.96,-21.66,-1.64,2.18,25,25
210,41.93,1006.25,-8.24,-15.84,-13.77,6.53,-21.05,-1.14,2.07,25,25
227,41.98,1006.24,-7.96,-18.48,-16.3,8.08,-20.08,-0.07,-0.29,25,25
244,42,1006.03,-2.2,-21.27,-18.63,9.72,-19.14,1.09,-1.24,25,25
261,42.03,1006.11,-4.39,-23.96,-20.96,11.44,-20.35,2.1,-1.61,25,25
278,42.06,1006.31,-9.88,-26.51,-23.04,13.24,-20.87,3.02,-1.07,25,25
295,42.1,1006.26,-8.51,-28.94,-25.03,15.05,-20.04,2.86,-0.81,25,25
312,42.13,1006.08,-3.57,-31.4,-26.94,16.92,-19.79,2.89,-0.99,25,25
329,42.17,1006.16,-5.76,-33.77,-28.52,18.64,-19.5,2.79,-1.34,25,25
346,42.22,1006.15,-5.49,-35.98,-29.9,20.2,-18.79,2.74,-1.17,25,25
363,42.23,1005.93,0.55,-38.14,-31.23,21.93,-19.34,2.72,-1.02,25,25
380,42.27,1006.14,-5.22,-40.29,-32.4,23.65,-18.54,3.11,-0.75,25,25
397,42.3,1005.96,-0.27,-42.45,-33.06,24.87,-19.25,2.83,-0.93,25,25
414,42.35,1006.08,-3.57,-44.64,-33.46,26.16,-17.51,3.35,-1.57,25,25
431,42.39,1006.03,-2.2,-46.76,-33.83,27.29,-17.85,2.79,-1.54,25,25
448,42.42,1005.98,-0.82,-48.9,-33.87,28.07,-17.08,2.69,-1.32,25,25
465,42.46,1006.05,-2.75,-51.19,-33.44,28.5,-17.47,2.76,-1.56,25,25
482,42.49,1005.88,1.92,-53.38,-32.5,28.37,-16.7,2.3,-1.71,25,25
499,42.52,1005.95,0,-55.59,-31.31,28.19,-17.5,2.9,-1.83,25,25
516,42.54,1005.48,12.91,-57.7,-29.46,27.63,-17.04,2.74,-1.18,25,25
533,42.58,1006.07,-3.29,-59.88,-26.69,26.14,-18.01,3.07,-1.02,25,25
550,42.61,1005.77,4.94,-62.06,-23.32,24.03,-17.51,2.92,-0.76,25,25
567,42.64,1005.72,6.32,-63.86,-18.74,20.77,-17.19,2.77,-1.18,25,25
584,42.68,1005.79,4.39,-65.62,-13.01,16.45,-16.76,2.47,-1.71,25,25
601,42.7,1005.7,6.87,-67.33,-5.78,10.78,-17.47,2.62,-1.65,25,-25
618,42.73,1005.91,1.1,-68.36,3.36,3.12,-17.83,2.12,-2.03,25,-25
635,42.75,1005.69,7.14,-68.83,13.7,-5.72,-18.13,1.87,-0.63,25,-25
652,42.78,1005.77,4.94,-68.53,24.78,-15.27,-16.63,2.38,-0.42,25,-25
669,42.8,1005.81,3.84,-67.43,35.49,-24.38,-17.38,1.89,1.05,25,-25
686,42.83,1005.76,5.22,-65.56,45.73,-32.79,-17.27,1.27,1.8,25,-25
703,42.85,1005.8,4.12,-63.09,55.37,-40.37,-18.64,1.02,2.84,25,-25
720,42.87,1005.84,3.02,-60.1,64.37,-47.01,-18.47,0.6,4.57,25,-25
737,42.88,1005.62,9.06,-56.7,72.64,-52.17,-18.16,0.54,4.31,25,-25
754,42.92,1005.44,14.01,-52.94,80.04,-56.43,-18.29,-0.05,4.7,25,-25
771,42.93,1005.35,16.48,-48.57,87.2,-59.63,-19.11,-0.46,4.85,25,-25
788,42.95,1005.52,11.81,-43.88,93.93,-61.96,-18.61,-0.7,4.06,25,-25
805,42.97,1005.56,10.71,-39,100.21,-63.61,-19.86,-1.07,5.1,-25,-25
822,42.98,1005.72,6.32,-33.64,106.28,-64.19,-20.49,-1.28,4.51,-25,-25
839,43,1005.38,15.66,-27.71,111.92,-63.95,-20.58,-3.36,5.81,-25,-25
856,43,1005.89,1.65,-21.65,117.67,-63.06,-19.71,-3.78,5.27,-25,-25
873,43.02,1005.93,0.55,-15.61,123.34,-61.32,-18.98,-5.18,4,-25,-25
890,43.04,1005.71,6.59,-9.62,129.13,-58.98,-19.19,-6.44,4.59,-25,-25
907,43.05,1005.62,9.06,-3.92,134.71,-55.88,-16.06,-13.8,6.24,-25,-25
924,43.07,1005.54,11.26,1.37,140.12,-52.42,-13.97,-7.58,6.98,-25,-25
941,43.09,1005.83,3.3,6.1,145.57,-48.37,-17.89,-7.81,5.44,-25,-25
958,43.1,1006,-1.37,10.49,151.02,-43.62,-17.27,-8.03,6.03,-25,-25
975,43.1,1005.74,5.77,14.23,156.53,-38.32,-16.71,-7.13,6.35,-25,-25
992,43.1,1005.74,5.77,17.34,162.24,-32.63,-16.89,-7.17,6.43,-25,-25
1009,43.12,1005.78,4.67,19.93,168.01,-26.7,-17.4,-7.02,5.98,-25,-25
1026,43.14,1006.07,-3.29,21.66,173.93,-20.43,-15.53,-6.83,5.34,-25,-25
1043,43.14,1006.07,-3.29,22.75,179.6,-13.91,-16.68,-6.79,5.54,-25,-25
1060,43.16,1006.11,-4.39,23.37,-174.73,-7.63,-15.92,-5.37,5.44,-25,-25
1077,43.16,1005.86,2.47,23.57,-169.62,-0.89,-16.76,-5.82,5.76,-25,-25
1094,43.16,1005.73,6.04,22.97,-164.79,5.31,-16.9,-5.33,5.23,-25,-25
1111,43.17,1005.9,1.37,22.11,-160.49,11.29,-16.14,-5.67,5.81,-25,25
1128,43.17,1006.02,-1.92,20.91,-156.73,16.9,-15.94,-5.54,5.53,-25,25
1145,43.17,1006.02,-1.92,19.53,-153.45,22.59,-15.73,-5.61,6.52,-25,25
1162,43.17,1005.9,1.37,18.18,-150.74,27.8,-16.11,-4.3,2.77,-25,25
1179,43.19,1005.93,0.55,16.6,-148.69,32.83,-15.31,-5.54,4.95,-25,25
1196,43.19,1005.93,0.55,15.18,-146.96,37.7,-16.4,-3.57,1.26,-25,25
1213,43.19,1005.93,0.55,14.13,-145.43,42.41,-16.12,-4.48,1.46,10.33,25
1230,43.21,1005.97,-0.55,13.58,-144.13,46.9,-15.32,-4.07,-0.05,10.33,25
1247,43.21,1006.1,-4.12,13.36,-143.01,51.25,-15.19,-3.52,-0.52,10.33,25
1264,43.21,1006.1,-4.12,13.59,-141.87,55.35,-16.11,-3.88,0.45,10.33,25
1281,43.21,1005.97,-0.55,14.18,-140.76,59.31,-15.3,-0.84,1.17,10.33,25
1298,43.21,1005.84,3.02,15.04,-139.34,63.29,-14.68,-0.7,1.35,10.33,25
1315,43.21,1005.84,3.02,16.08,-137.32,67.49,-15.41,0.4,0.26,-21.42,25
1332,43.21,1005.97,-0.55,17.1,-135.36,71.27,-17.71,0.92,0.56,-21.42,25
1349,43.21,1005.84,3.02,18.13,-133.2,75.61,-15.75,0.31,0.66,-21.42,25
1366,43.21,1005.97,-0.55,19.51,-130.65,80.04,-15.45,-2.37,1.12,-21.42,25
1383,43.21,1005.97,-0.55,21.03,-127.92,84.24,-12.38,-9.27,0.39,-21.42,25
1400,43.21,1005.97,-0.55,22.88,-124.83,88.69,-15.74,-2.83,0.31,-21.42,25
1417,43.21,1005.97,-0.55,25.17,-121.46,93.3,-15.59,-1.83,0.73,-25,25
1434,43.21,1005.84,3.02,27.68,-117.73,98.03,-15.12,-1.6,-0.16,-25,25
1451,43.21,1005.97,-0.55,30.65,-113.4,103.18,-15.96,-0.88,0.43,-25,25
1468,43.21,1005.97,-0.55,33.39,-108.11,108.83,-16.9,-0.89,0.07,-25,25
1485,43.22,1006.01,-1.65,36.21,-102.09,114.89,-17.81,-1,-0.45,-25,25
1502,43.21,1005.84,3.02,38.8,-94.96,121.76,-18.43,-0.59,0.08,-25,25
1519,43.21,1005.84,3.02,40.98,-86.79,129.8,-17.41,-1.22,-0.29,-25,-16.63
1536,43.22,1006.14,-5.22,42.73,-77.53,138.59,-18.71,0.12,-0.15,-25,-16.63
1553,43.21,1005.97,-0.55,43.75,-67.36,148.12,-18.99,-0.41,-0.45,-25,-16.63
1570,43.21,1006.23,-7.69,43.86,-56.38,158.27,-19.01,-0.96,-0.9,-25,-16.63
1587,43.21,1006.48,-14.55,42.82,-45.29,168.33,-20.81,-1.2,1.19,-25,-16.63
1604,43.21,1006.23,-7.69,41.03,-34.11,177.98,-21.51,-0.95,1.7,-25,-16.63
1621,43.21,1006.23,-7.69,38.34,-23.4,-172.95,-21.23,-0.7,3.83,-25,-25
1638,43.21,1006.36,-11.26,34.97,-13.33,-164.57,-21.09,-2.15,3.02,-25,-25
1655,43.19,1006.57,-17.02,31.31,-3.61,-156.61,-21.96,-1.83,4.07,-25,-25
1672,43.14,995.74,281.52,32.57,5.26,-142.01,-156.91,-156.91,-156.91,-25,-25
1689,43.21,1006.1,-4.12,39.07,-19.96,-132.22,-10.04,-31.34,-87.46,-25,-25
1706,43.21,1006.48,-14.55,41.28,-44.79,-124.79,-26.16,-14.48,3.02,-25,-25
1723,43.19,1005.93,0.55,39.1,-68.5,-115.86,-16.98,26.6,-11.69,-25,25
1740,43.19,1006.32,-10.16,33.66,-87.71,-102.71,-13.83,-36.45,-21.37,-25,25
1757,43.19,1006.06,-3.02,25.84,-103.85,-85.11,-26.38,-16.33,-8.01,-25,25
1774,43.21,1008.78,-77.62,26.18,-105.46,-51.32,28.86,156.91,-63.17,-25,25
1791,43.19,1006.44,-13.45,23.07,-103.85,-19.9,-36.27,-13.59,-14.03,-25,25
1808,43.17,1005.9,1.37,18.97,-101.97,14.73,-19.71,-22.93,12.31,-25,25
1825,43.17,1006.02,-1.92,14.82,-100.88,49.24,-17.38,-30.15,-14.85,25,25
1842,43.17,1005.9,1.37,10.5,-100.57,83.75,-9.73,-23.8,-9.23,25,25
1859,43.16,1006.49,-14.82,4.49,-97.24,113.65,-1.83,-14.93,-5.32,25,25
1876,43.16,1006.24,-7.96,-0.19,-96.93,144.79,-3.94,-15.04,-2.3,25,25
1893,43.16,1006.11,-4.39,-5.09,-96.05,177.35,-7.47,-18.39,-9.8,25,25
1910,43.16,1006.37,-11.53,-10.12,-95.11,-153.91,-11.43,-21.29,-4.51,25,25
1927,43.16,1006.11,-4.39,-14.76,-93.34,-125.66,-14.93,-19.11,-5.73,25,25
1944,43.16,1005.98,-0.82,-19.38,-90.04,-94.84,-18.43,-16.82,-8.62,25,25
1961,43.14,1005.95,0,-24.72,-86.1,-69.08,-25.53,-14.58,-12.31,25,25
1978,43.14,1005.56,10.71,-30.64,-80.83,-43.59,6.16,-8.87,-67.27,25,25
1995,43.14,1007.09,-31.29,-35.94,-84.85,-46.47,-40.58,60.14,-54.83,25,25
2012,43.14,1005.31,17.58,-40.44,-86.43,-57.25,-156.91,156.91,-107.99,25,25
2029,43.12,1005.65,8.24,-47.06,-74.17,-81.57,38.15,22.92,12.6,25,17.98
2046,43.12,1005.52,11.81,-50.89,-72.16,-99.02,-68.8,-20.68,-5.13,25,17.98
2063,43.1,1005.23,19.78,-54.18,-70.2,-114.57,-15.35,-7.16,-5.44,25,17.98
2080,43.12,1005.91,1.1,-57.3,-69.04,-130.41,-29.34,-7.25,-0.39,25,17.98
2097,43.1,1004.97,26.92,-62.17,-69.47,-143.19,-10.04,3.38,-6.45,25,17.98
2114,43.1,1003.83,58.26,-66.05,-69.45,-154.39,-14.81,3.72,4.1,25,17.98
2131,43.1,1001.15,132.06,-68.2,-68.75,-170.8,-12,9.43,-8.17,25,25
2148,43.09,1005.96,-0.27,-72.29,-66.01,172.37,-16.57,0.1,-3.19,25,25
2165,43.09,1005.06,24.45,-75.06,-59.19,148.25,-5.62,7.14,7.04,25,25
0,41.72,1008.08,-58.44,0.01,-0.19,1.23,-23.07,5.9,1.94,1.1,0.34
6,41.72,1009.35,-93.23,0.21,0.09,1.38,-27.51,1.03,-2.43,1.1,0.34
23,41.72,1011.89,-162.72,0.36,0.61,-1.89,-34.88,-2.54,-4.66,1.1,0.34
40,41.72,1011.51,-152.33,0.72,0.33,-1.66,-40.09,3.4,4.58,1.1,0.34
57,41.71,1009.82,-106.1,0.06,0.12,-1.09,-42.75,0.72,-1.81,1.1,0.34
74,41.71,1007.79,-50.49,-0.79,-0.34,-0.17,-35.95,-9.29,5.97,1.1,0.34
91,41.72,1006.42,-12.9,-1.91,-1.2,0.14,-39.48,-2.87,4.87,6.98,4.53
108,41.74,1007.1,-31.56,-3.34,-2.41,0.55,-36.38,-4.92,3.31,6.98,4.53
125,41.77,1006.16,-5.76,-5.04,-3.81,0.88,-31.06,-3.19,3.3,6.98,4.53
142,41.81,1006.62,-18.39,-6.82,-5.52,1.66,-29.22,-2.16,2.58,6.98,4.53
159,41.84,1006.06,-3.02,-8.76,-7.31,2.66,-24.7,-2.17,2.59,6.98,4.53
176,41.86,1005.84,3.02,-10.89,-9.27,3.94,-23.74,-1.75,2.27,6.98,4.53
193,41.89,1006.05,-2.75,-13.29,-11.41,4.96,-21.66,-1.64,2.18,25,25
210,41.93,1006.25,-8.24,-15.84,-13.77,6.53,-21.05,-1.14,2.07,25,25
227,41.98,1006.24,-7.96,-18.48,-16.3,8.08,-20.08,-0.07,-0.29,25,25
244,42,1006.03,-2.2,-21.27,-18.63,9.72,-19.14,1.09,-1.24,25,25
261,42.03,1006.11,-4.39,-23.96,-20.96,11.44,-20.35,2.1,-1.61,25,25
278,42.06,1006.31,-9.88,-26.51,-23.04,13.24,-20.87,3.02,-1.07,25,25
295,42.1,1006.26,-8.51,-28.94,-25.03,15.05,-20.04,2.86,-0.81,25,25
312,42.13,1006.08,-3.57,-31.4,-26.94,16.92,-19.79,2.89,-0.99,25,25
329,42.17,1006.16,-5.76,-33.77,-28.52,18.64,-19.5,2.79,-1.34,25,25
346,42.22,1006.15,-5.49,-35.98,-29.9,20.2,-18.79,2.74,-1.17,25,25
363,42.23,1005.93,0.55,-38.14,-31.23,21.93,-19.34,2.72,-1.02,25,25
380,42.27,1006.14,-5.22,-40.29,-32.4,23.65,-18.54,3.11,-0.75,25,25
397,42.3,1005.96,-0.27,-42.45,-33.06,24.87,-19.25,2.83,-0.93,25,25
414,42.35,1006.08,-3.57,-44.64,-33.46,26.16,-17.51,3.35,-1.57,25,25
431,42.39,1006.03,-2.2,-46.76,-33.83,27.29,-17.85,2.79,-1.54,25,25
448,42.42,1005.98,-0.82,-48.9,-33.87,28.07,-17.08,2.69,-1.32,25,25
465,42.46,1006.05,-2.75,-51.19,-33.44,28.5,-17.47,2.76,-1.56,25,25
482,42.49,1005.88,1.92,-53.38,-32.5,28.37,-16.7,2.3,-1.71,25,25
499,42.52,1005.95,0,-55.59,-31.31,28.19,-17.5,2.9,-1.83,25,25
516,42.54,1005.48,12.91,-57.7,-29.46,27.63,-17.04,2.74,-1.18,25,25
533,42.58,1006.07,-3.29,-59.88,-26.69,26.14,-18.01,3.07,-1.02,25,25
550,42.61,1005.77,4.94,-62.06,-23.32,24.03,-17.51,2.92,-0.76,25,25
567,42.64,1005.72,6.32,-63.86,-18.74,20.77,-17.19,2.77,-1.18,25,25
584,42.68,1005.79,4.39,-65.62,-13.01,16.45,-16.76,2.47,-1.71,25,25
601,42.7,1005.7,6.87,-67.33,-5.78,10.78,-17.47,2.62,-1.65,25,-25
618,42.73,1005.91,1.1,-68.36,3.36,3.12,-17.83,2.12,-2.03,25,-25
635,42.75,1005.69,7.14,-68.83,13.7,-5.72,-18.13,1.87,-0.63,25,-25
652,42.78,1005.77,4.94,-68.53,24.78,-15.27,-16.63,2.38,-0.42,25,-25
669,42.8,1005.81,3.84,-67.43,35.49,-24.38,-17.38,1.89,1.05,25,-25
686,42.83,1005.76,5.22,-65.56,45.73,-32.79,-17.27,1.27,1.8,25,-25
703,42.85,1005.8,4.12,-63.09,55.37,-40.37,-18.64,1.02,2.84,25,-25
720,42.87,1005.84,3.02,-60.1,64.37,-47.01,-18.47,0.6,4.57,25,-25
737,42.88,1005.62,9.06,-56.7,72.64,-52.17,-18.16,0.54,4.31,25,-25
754,42.92,1005.44,14.01,-52.94,80.04,-56.43,-18.29,-0.05,4.7,25,-25
771,42.93,1005.35,16.48,-48.57,87.2,-59.63,-19.11,-0.46,4.85,25,-25
0,41.72,1008.08,-58.44,0.01,-0.19,1.23,-23.07,5.9,1.94,1.1,0.34
6,41.72,1009.35,-93.23,0.21,0.09,1.38,-27.51,1.03,-2.43,1.1,0.34
23,41.72,1011.89,-162.72,0.36,0.61,-1.89,-34.88,-2.54,-4.66,1.1,0.34
40,41.72,1011.51,-152.33,0.72,0.33,-1.66,-40.09,3.4,4.58,1.1,0.34
57,41.71,1009.82,-106.1,0.06,0.12,-1.09,-42.75,0.72,-1.81,1.1,0.34
74,41.71,1007.79,-50.49,-0.79,-0.34,-0.17,-35.95,-9.29,5.97,1.1,0.34
91,41.72,1006.42,-12.9,-1.91,-1.2,0.14,-39.48,-2.87,4.87,6.98,4.53
108,41.74,1007.1,-31.56,-3.34,-2.41,0.55,-36.38,-4.92,3.31,6.98,4.53
125,41.77,1006.16,-5.76,-5.04,-3.81,0.88,-31.06,-3.19,3.3,6.98,4.53
142,41.81,1006.62,-18.39,-6.82,-5.52,1.66,-29.22,-2.16,2.58,6.98,4.53
159,41.84,1006.06,-3.02,-8.76,-7.31,2.66,-24.7,-2.17,2.59,6.98,4.53
176,41.86,1005.84,3.02,-10.89,-9.27,3.94,-23.74,-1.75,2.27,6.98,4.53
193,41.89,1006.05,-2.75,-13.29,-11.41,4.96,-21.66,-1.64,2.18,25,25
210,41.93,1006.25,-8.24,-15.84,-13.77,6.53,-21.05,-1.14,2.07,25,25
227,41.98,1006.24,-7.96,-18.48,-16.3,8.08,-20.08,-0.07,-0.29,25,25
244,42,1006.03,-2.2,-21.27,-18.63,9.72,-19.14,1.09,-1.24,25,25
261,42.03,1006.11,-4.39,-23.96,-20.96,11.44,-20.35,2.1,-1.61,25,25
278,42.06,1006.31,-9.88,-26.51,-23.04,13.24,-20.87,3.02,-1.07,25,25
295,42.1,1006.26,-8.51,-28.94,-25.03,15.05,-20.04,2.86,-0.81,25,25
312,42.13,1006.08,-3.57,-31.4,-26.94,16.92,-19.79,2.89,-0.99,25,25
329,42.17,1006.16,-5.76,-33.77,-28.52,18.64,-19.5,2.79,-1.34,25,25
346,42.22,1006.15,-5.49,-35.98,-29.9,20.2,-18.79,2.74,-1.17,25,25
363,42.23,1005.93,0.55,-38.14,-31.23,21.93,-19.34,2.72,-1.02,25,25
380,42.27,1006.14,-5.22,-40.29,-32.4,23.65,-18.54,3.11,-0.75,25,25
397,42.3,1005.96,-0.27,-42.45,-33.06,24.87,-19.25,2.83,-0.93,25,25
414,42.35,1006.08,-3.57,-44.64,-33.46,26.16,-17.51,3.35,-1.57,25,25
431,42.39,1006.03,-2.2,-46.76,-33.83,27.29,-17.85,2.79,-1.54,25,25
448,42.42,1005.98,-0.82,-48.9,-33.87,28.07,-17.08,2.69,-1.32,25,25
465,42.46,1006.05,-2.75,-51.19,-33.44,28.5,-17.47,2.76,-1.56,25,25
482,42.49,1005.88,1.92,-53.38,-32.5,28.37,-16.7,2.3,-1.71,25,25
499,42.52,1005.95,0,-55.59,-31.31,28.19,-17.5,2.9,-1.83,25,25
516,42.54,1005.48,12.91,-57.7,-29.46,27.63,-17.04,2.74,-1.18,25,25
533,42.58,1006.07,-3.29,-59.88,-26.69,26.14,-18.01,3.07,-1.02,25,25
550,42.61,1005.77,4.94,-62.06,-23.32,24.03,-17.51,2.92,-0.76,25,25
567,42.64,1005.72,6.32,-63.86,-18.74,20.77,-17.19,2.77,-1.18,25,25
584,42.68,1005.79,4.39,-65.62,-13.01,16.45,-16.76,2.47,-1.71,25,25
601,42.7,1005.7,6.87,-67.33,-5.78,10.78,-17.47,2.62,-1.65,25,-25
618,42.73,1005.91,1.1,-68.36,3.36,3.12,-17.83,2.12,-2.03,25,-25
635,42.75,1005.69,7.14,-68.83,13.7,-5.72,-18.13,1.87,-0.63,25,-25
652,42.78,1005.77,4.94,-68.53,24.78,-15.27,-16.63,2.38,-0.42,25,-25
669,42.8,1005.81,3.84,-67.43,35.49,-24.38,-17.38,1.89,1.05,25,-25
686,42.83,1005.76,5.22,-65.56,45.73,-32.79,-17.27,1.27,1.8,25,-25
703,42.85,1005.8,4.12,-63.09,55.37,-40.37,-18.64,1.02,2.84,25,-25
720,42.87,1005.84,3.02,-60.1,64.37,-47.01,-18.47,0.6,4.57,25,-25
737,42.88,1005.62,9.06,-56.7,72.64,-52.17,-18.16,0.54,4.31,25,-25
754,42.92,1005.44,14.01,-52.94,80.04,-56.43,-18.29,-0.05,4.7,25,-25
771,42.93,1005.35,16.48,-48.57,87.2,-59.63,-19.11,-0.46,4.85,25,-25
788,42.95,1005.52,11.81,-43.88,93.93,-61.96,-18.61,-0.7,4.06,25,-25
805,42.97,1005.56,10.71,-39,100.21,-63.61,-19.86,-1.07,5.1,-25,-25
822,42.98,1005.72,6.32,-33.64,106.28,-64.19,-20.49,-1.28,4.51,-25,-25
839,43,1005.38,15.66,-27.71,111.92,-63.95,-20.58,-3.36,5.81,-25,-25
856,43,1005.89,1.65,-21.65,117.67,-63.06,-19.71,-3.78,5.27,-25,-25
873,43.02,1005.93,0.55,-15.61,123.34,-61.32,-18.98,-5.18,4,-25,-25
890,43.04,1005.71,6.59,-9.62,129.13,-58.98,-19.19,-6.44,4.59,-25,-25
907,43.05,1005.62,9.06,-3.92,134.71,-55.88,-16.06,-13.8,6.24,-25,-25
924,43.07,1005.54,11.26,1.37,140.12,-52.42,-13.97,-7.58,6.98,-25,-25
941,43.09,1005.83,3.3,6.1,145.57,-48.37,-17.89,-7.81,5.44,-25,-25
958,43.1,1006,-1.37,10.49,151.02,-43.62,-17.27,-8.03,6.03,-25,-25
975,43.1,1005.74,5.77,14.23,156.53,-38.32,-16.71,-7.13,6.35,-25,-25
992,43.1,1005.74,5.77,17.34,162.24,-32.63,-16.89,-7.17,6.43,-25,-25
1009,43.12,1005.78,4.67,19.93,168.01,-26.7,-17.4,-7.02,5.98,-25,-25
1026,43.14,1006.07,-3.29,21.66,173.93,-20.43,-15.53,-6.83,5.34,-25,-25
1043,43.14,1006.07,-3.29,22.75,179.6,-13.91,-16.68,-6.79,5.54,-25,-25
1060,43.16,1006.11,-4.39,23.37,-174.73,-7.63,-15.92,-5.37,5.44,-25,-25
1077,43.16,1005.86,2.47,23.57,-169.62,-0.89,-16.76,-5.82,5.76,-25,-25
1094,43.16,1005.73,6.04,22.97,-164.79,5.31,-16.9,-5.33,5.23,-25,-25
1111,43.17,1005.9,1.37,22.11,-160.49,11.29,-16.14,-5.67,5.81,-25,25
1128,43.17,1006.02,-1.92,20.91,-156.73,16.9,-15.94,-5.54,5.53,-25,25
1145,43.17,1006.02,-1.92,19.53,-153.45,22.59,-15.73,-5.61,6.52,-25,25
1162,43.17,1005.9,1.37,18.18,-150.74,27.8,-16.11,-4.3,2.77,-25,25
1179,43.19,1005.93,0.55,16.6,-148.69,32.83,-15.31,-5.54,4.95,-25,25
1196,43.19,1005.93,0.55,15.18,-146.96,37.7,-16.4,-3.57,1.26,-25,25
1213,43.19,1005.93,0.55,14.13,-145.43,42.41,-16.12,-4.48,1.46,10.33,25
1230,43.21,1005.97,-0.55,13.58,-144.13,46.9,-15.32,-4.07,-0.05,10.33,25
1247,43.21,1006.1,-4.12,13.36,-143.01,51.25,-15.19,-3.52,-0.52,10.33,25
1264,43.21,1006.1,-4.12,13.59,-141.87,55.35,-16.11,-3.88,0.45,10.33,25
1281,43.21,1005.97,-0.55,14.18,-140.76,59.31,-15.3,-0.84,1.17,10.33,25
1298,43.21,1005.84,3.02,15.04,-139.34,63.29,-14.68,-0.7,1.35,10.33,25
1315,43.21,1005.84,3.02,16.08,-137.32,67.49,-15.41,0.4,0.26,-21.42,25
1332,43.21,1005.97,-0.55,17.1,-135.36,71.27,-17.71,0.92,0.56,-21.42,25
1349,43.21,1005.84,3.02,18.13,-133.2,75.61,-15.75,0.31,0.66,-21.42,25
1366,43.21,1005.97,-0.55,19.51,-130.65,80.04,-15.45,-2.37,1.12,-21.42,25
1383,43.21,1005.97,-0.55,21.03,-127.92,84.24,-12.38,-9.27,0.39,-21.42,25
1400,43.21,1005.97,-0.55,22.88,-124.83,88.69,-15.74,-2.83,0.31,-21.42,25
1417,43.21,1005.97,-0.55,25.17,-121.46,93.3,-15.59,-1.83,0.73,-25,25
1434,43.21,1005.84,3.02,27.68,-117.73,98.03,-15.12,-1.6,-0.16,-25,25
1451,43.21,1005.97,-0.55,30.65,-113.4,103.18,-15.96,-0.88,0.43,-25,25
1468,43.21,1005.97,-0.55,33.39,-108.11,108.83,-16.9,-0.89,0.07,-25,25
1485,43.22,1006.01,-1.65,36.21,-102.09,114.89,-17.81,-1,-0.45,-25,25
1502,43.21,1005.84,3.02,38.8,-94.96,121.76,-18.43,-0.59,0.08,-25,25
1519,43.21,1005.84,3.02,40.98,-86.79,129.8,-17.41,-1.22,-0.29,-25,-16.63
1536,43.22,1006.14,-5.22,42.73,-77.53,138.59,-18.71,0.12,-0.15,-25,-16.63
1553,43.21,1005.97,-0.55,43.75,-67.36,148.12,-18.99,-0.41,-0.45,-25,-16.63
1570,43.21,1006.23,-7.69,43.86,-56.38,158.27,-19.01,-0.96,-0.9,-25,-16.63
1587,43.21,1006.48,-14.55,42.82,-45.29,168.33,-20.81,-1.2,1.19,-25,-16.63
1604,43.21,1006.23,-7.69,41.03,-34.11,177.98,-21.51,-0.95,1.7,-25,-16.63
1621,43.21,1006.23,-7.69,38.34,-23.4,-172.95,-21.23,-0.7,3.83,-25,-25
1638,43.21,1006.36,-11.26,34.97,-13.33,-164.57,-21.09,-2.15,3.02,-25,-25
1655,43.19,1006.57,-17.02,31.31,-3.61,-156.61,-21.96,-1.83,4.07,-25,-25
1672,43.14,995.74,281.52,32.57,5.26,-142.01,-156.91,-156.91,-156.91,-25,-25
1689,43.21,1006.1,-4.12,39.07,-19.96,-132.22,-10.04,-31.34,-87.46,-25,-25
1706,43.21,1006.48,-14.55,41.28,-44.79,-124.79,-26.16,-14.48,3.02,-25,-25
1723,43.19,1005.93,0.55,39.1,-68.5,-115.86,-16.98,26.6,-11.69,-25,25
1740,43.19,1006.32,-10.16,33.66,-87.71,-102.71,-13.83,-36.45,-21.37,-25,25
1757,43.19,1006.06,-3.02,25.84,-103.85,-85.11,-26.38,-16.33,-8.01,-25,25
1774,43.21,1008.78,-77.62,26.18,-105.46,-51.32,28.86,156.91,-63.17,-25,25
1791,43.19,1006.44,-13.45,23.07,-103.85,-19.9,-36.27,-13.59,-14.03,-25,25
1808,43.17,1005.9,1.37,18.97,-101.97,14.73,-19.71,-22.93,12.31,-25,25
1825,43.17,1006.02,-1.92,14.82,-100.88,49.24,-17.38,-30.15,-14.85,25,25
1842,43.17,1005.9,1.37,10.5,-100.57,83.75,-9.73,-23.8,-9.23,25,25
1859,43.16,1006.49,-14.82,4.49,-97.24,113.65,-1.83,-14.93,-5.32,25,25
1876,43.16,1006.24,-7.96,-0.19,-96.93,144.79,-3.94,-15.04,-2.3,25,25
1893,43.16,1006.11,-4.39,-5.09,-96.05,177.35,-7.47,-18.39,-9.8,25,25
1910,43.16,1006.37,-11.53,-10.12,-95.11,-153.91,-11.43,-21.29,-4.51,25,25
1927,43.16,1006.11,-4.39,-14.76,-93.34,-125.66,-14.93,-19.11,-5.73,25,25
1944,43.16,1005.98,-0.82,-19.38,-90.04,-94.84,-18.43,-16.82,-8.62,25,25
1961,43.14,1005.95,0,-24.72,-86.1,-69.08,-25.53,-14.58,-12.31,25,25
1978,43.14,1005.56,10.71,-30.64,-80.83,-43.59,6.16,-8.87,-67.27,25,25
1995,43.14,1007.09,-31.29,-35.94,-84.85,-46.47,-40.58,60.14,-54.83,25,25
2012,43.14,1005.31,17.58,-40.44,-86.43,-57.25,-156.91,156.91,-107.99,25,25
2029,43.12,1005.65,8.24,-47.06,-74.17,-81.57,38.15,22.92,12.6,25,17.98
2046,43.12,1005.52,11.81,-50.89,-72.16,-99.02,-68.8,-20.68,-5.13,25,17.98
2063,43.1,1005.23,19.78,-54.18,-70.2,-114.57,-15.35,-7.16,-5.44,25,17.98
2080,43.12,1005.91,1.1,-57.3,-69.04,-130.41,-29.34,-7.25,-0.39,25,17.98
2097,43.1,1004.97,26.92,-62.17,-69.47,-143.19,-10.04,3.38,-6.45,25,17.98
2114,43.1,1003.83,58.26,-66.05,-69.45,-154.39,-14.81,3.72,4.1,25,17.98
2131,43.1,1001.15,132.06,-68.2,-68.75,-170.8,-12,9.43,-8.17,25,25
2148,43.09,1005.96,-0.27,-72.29,-66.01,172.37,-16.57,0.1,-3.19,25,25
2165,43.09,1005.06,24.45,-75.06,-59.19,148.25,-5.62,7.14,7.04,25,25
2182,43.09,1005.06,24.45,-77.73,-35.95,102.44,-14.53,-7.88,10.53,25,25
2199,43.07,1003.62,64.04,-77.41,-12.72,54.04,-11.1,2.45,24.12,25,25
2216,43.07,1004.77,32.42,-76.97,-4.77,11.8,-19.83,38.01,-60.51,25,25
2233,43.07,1005.28,18.4,-78.49,1.45,-28.76,-2.6,-22.33,-33.57,25,-25
2250,43.07,1005.15,21.97,-81.35,13.28,-74.92,-3.72,-19.86,-26.9,25,-25
2267,43.05,1004.73,33.52,-82.72,29.96,-125.93,-5.2,-25.23,-30.21,25,-25
2284,43.05,1007.15,-32.94,-84.01,46.22,-176.58,0.57,-9.69,-38.91,25,-25
2301,43.05,1005.62,9.06,-84.04,58.41,138.18,-13.96,0.93,-35.24,25,-25
2318,43.05,1006.26,-8.51,-84.49,49.38,112.77,-10.27,-3.39,-25.36,25,-25
2335,43.05,1005.75,5.49,-84.42,18.93,108.93,-12.58,-17.84,-34.04,25,-25
2352,43.02,1004.53,39.01,-82.03,-28.59,121.62,-4.13,-17.83,-26.16,25,-25
2369,43.04,1005.46,13.46,-79.22,-35.21,93.67,-5.76,-22.54,-23.84,25,-25
2386,43,1005.64,8.51,-75.9,-43.49,67.49,-17.75,-27.81,-34.24,25,-25
2403,43,1006.4,-12.35,-74.55,-52.46,41.68,22.09,-44.74,-42.77,25,-25
2420,43,1006.4,-12.35,-78.07,-60.7,15.18,-1.33,-24.26,-28.21,25,-25
2437,42.98,1005.21,20.33,-83.87,-81.2,0.91,-0.19,-22.01,-32.34,25,25
2454,42.98,1005.72,6.32,-85.63,-138.93,23.91,11.7,-17.65,-30.32,25,25
2471,42.98,1006.36,-11.26,-82.57,-178.32,28.63,3.99,38.31,-16.26,25,25
2488,42.97,1008.11,-59.26,-82.99,-177.16,-6.55,-2.64,-19.35,-25.03,25,25
2505,42.95,1006.8,-23.33,-85.27,-174.76,-41.75,-8.3,-41.11,-21.87,25,25
2522,42.95,1006.29,-9.33,-87.22,-146.79,-104.16,-14.62,-39.94,-29.27,25,25
2539,42.95,1004.75,32.97,-87.82,-95.64,170.31,-16.87,-20.5,-22.88,25,25
2556,42.95,1005.26,18.95,-86.38,-57.87,98.09,-5.93,-25.58,-30.2,25,25
2573,42.95,1005.65,8.24,-84.98,-68.89,74.6,-9.16,-18.27,-35.41,25,25
2590,42.95,1006.29,-9.33,-84.65,-79.27,50.45,-15.6,-19.84,-28.74,25,25
2607,42.95,1005.52,11.81,-83.23,-82.24,18.92,-9.31,-15.93,-21.54,25,25
2624,42.97,1006.2,-6.86,-81.81,-111.54,13.45,-0.17,0.89,-3.35,25,25
2641,42.97,1013.72,-212.7,-81.31,-124.48,-6.14,-12.12,-36.48,-9.35,25,25
2657,42.97,1006.32,-10.16,-81.66,-133.63,-31.58,2.31,-34.29,-21.06,25,25
2674,42.97,1006.58,-17.3,-82.75,-140.81,-58.96,17.57,-18.18,-37.71,25,25
2691,42.98,1007.13,-32.39,-84.8,-142.69,-91.57,1.28,-45.56,-19.86,25,25
2708,42.98,1005.72,6.32,-86.15,-128.4,-140.3,10.85,-26.62,-32.27,25,25
2725,42.98,1007,-28.82,-86.15,-102.99,159.84,9.96,-14.22,-40.22,25,25
2742,43,1006.78,-22.78,-85.04,-92.05,114.45,3.61,-16.64,-25.97,25,-3.06
2759,43,1006.66,-19.49,-83.7,-96.76,84.64,3.72,-15.64,-24.78,25,-3.06
2776,43,1006.53,-15.92,-82.76,-106.04,59.38,5.35,-16.41,-19.08,25,-3.06
2793,43,1006.53,-15.92,-81.87,-115.28,34.04,6.36,-23.58,-14.67,25,-3.06
2810,43,1006.4,-12.35,-81.42,-124.01,8.2,3.69,-48.67,3.8,25,-3.06
2827,43.02,1006.82,-23.88,-82.26,-139.83,-10.64,3.54,-38.32,-13.18,25,-3.06
2844,43.02,1006.57,-17.02,-83.53,-156.36,-28.72,13.48,-29.85,-28.94,25,25
2861,43.02,1006.69,-20.31,-84.9,-176.78,-42.9,8.62,-23.35,-31.41,25,25
2878,43.02,1006.44,-13.45,-86.18,163.81,-58.02,7.01,-15.96,-28.94,25,25
2895,43.04,1006.99,-28.55,-88.32,152.58,-81.31,6.34,-15.42,-24.14,25,25
2912,43.02,1006.31,-9.88,-89,-54.73,91.53,8.41,-10.59,-17.33,25,25
2929,43.02,1006.57,-17.02,-86.84,-56.31,58.57,7.14,-12.77,-14.87,25,25
2946,43.04,1006.35,-10.98,-85.6,-62.67,30.46,4.98,-17.66,-13.87,25,-25
2963,43.04,1006.61,-18.12,-85.02,-70,3.28,2.39,-26.09,-13.53,25,-25
2980,43.05,1006.64,-18.94,-85.4,-76.9,-24.32,1.58,-25.67,-12.33,25,-25
2997,43.04,1006.73,-21.41,-86.89,-82.85,-52.88,2.2,-23.44,-19.2,25,-25
3014,43.04,1006.73,-21.41,-88.77,-70.44,-99.77,9.53,-32.84,-25.41,25,-25
3031,43.05,1006.52,-15.65,-88.18,98.61,56.68,16.54,-18.95,-39.15,25,-25
3048,43.04,1006.48,-14.55,-86.13,85.95,35.21,13.02,-11.58,-28.1,25,-25
3065,43.04,1006.73,-21.41,-85.28,65.44,23.69,8.09,-3.58,-17.78,25,-25
3082,43.05,1006.64,-18.94,-84.55,45.19,14.11,8.53,-6.74,-9.88,25,-25
3099,43.05,1006.77,-22.51,-83.81,26.57,4.01,2.44,-4.77,-9.23,25,-25
3116,43.05,1006.52,-15.65,-82.89,12.52,-10.22,0.98,-7.5,-6.39,25,-25
3133,43.05,1006.77,-22.51,-82.27,1.28,-26.23,1.16,-10.16,-4.25,25,-25
3150,43.05,1006.77,-22.51,-81.94,-4.26,-46.48,1.7,-13.22,-0.29,25,25
3167,43.05,1006.9,-26.08,-82.17,-6.18,-69.21,0.1,-17.15,5.77,25,25
3184,43.04,1006.86,-24.98,-83.2,-1.57,-95.87,0.95,-22.32,3.79,25,25
3201,43.04,1006.73,-21.41,-84.75,13.36,-131.56,3.07,-18.18,-5.5,25,25
3218,43.05,1006.39,-12.08,-85.66,36.47,-173.96,3.06,-17.69,-6.88,25,25
3235,43.04,1006.48,-14.55,-85.75,61.38,143.79,0.49,-14.52,-8.45,25,25
3252,43.05,1006.77,-22.51,-85.32,77.4,111.5,0.41,-10.86,-9.97,25,-25
3269,43.04,1006.48,-14.55,-84.5,86.85,86.7,2.1,-9.83,-10.13,25,-25
3286,43.05,1006.64,-18.94,-83.82,91.57,67.33,-0.28,-5.32,-10.45,25,-25
3303,43.04,1006.73,-21.41,-83.34,89.37,55.75,-0.28,-3.73,-9.1,25,-25
3320,43.04,1006.61,-18.12,-83.01,84.04,48.14,2.53,-2.02,-7.04,25,-25
3337,43.04,1006.48,-14.55,-82.71,77.23,42.73,0.64,0.16,-7.36,25,-25
3354,43.04,1006.61,-18.12,-82.52,71.01,37.52,2.45,2.23,-6.44,25,-25
3371,43.04,1006.86,-24.98,-82.43,64.9,33.01,0.7,5.06,-7.22,25,-25
3388,43.04,1006.61,-18.12,-82.51,59.5,28.66,0.56,8.16,-7.65,25,-25
3405,43.04,1006.86,-24.98,-82.63,55.21,24.33,2.72,8.84,-5.7,25,-25
3422,43.04,1006.86,-24.98,-82.5,47.74,23.75,2.29,10.13,5.35,25,-25
3439,43.04,1006.35,-10.98,-82.38,43.16,21.2,-0.78,15.06,0.24,25,-25
3456,43.02,1006.31,-9.88,-82.36,38.44,19.21,5.39,8.86,0.94,25,25
3473,43.02,1006.57,-17.02,-82.51,35.66,15.95,0.55,10.87,-0.06,25,25
3490,43.02,1006.69,-20.31,-82.6,33.74,12.97,0.49,5.64,-1.54,25,25
3506,43.02,1006.82,-23.88,-82.59,31.64,11.42,0,10.91,2.94,25,25
3523,43.02,1006.57,-17.02,-82.54,30.81,9.63,1.49,6.83,2.02,25,25
3540,43.02,1006.69,-20.31,-82.58,30.44,8.57,0.42,9.64,2.82,25,25
3557,43.02,1006.57,-17.02,-82.46,30.43,8.29,-0.29,9.98,1.34,25,-4.35
3574,43.02,1006.57,-17.02,-82.45,30.77,8.4,-0.57,8.08,2.88,25,-4.35
3591,43,1006.53,-15.92,-82.46,32.33,7.94,0.47,9.15,1.36,25,-4.35
3608,43,1006.53,-15.92,-82.57,33.24,8.54,0.44,8.95,1.11,25,-4.35
3625,43,1006.66,-19.49,-82.66,33.32,10.16,-0.02,10.07,0.08,25,-4.35
3642,43,1006.53,-15.92,-82.76,34.03,11.34,-2.11,9.86,-0.35,25,-4.35
3659,42.98,1006.62,-18.39,-82.77,35.26,12,0.13,10.69,-1.56,25,-25
3676,43,1006.53,-15.92,-82.81,37.76,11.13,2.21,13.05,-4.38,25,-25
3693,43,1006.66,-19.49,-82.71,38.21,12.06,1.35,10.09,-3.07,25,-25
3710,42.98,1006.87,-25.25,-82.79,37.92,13.24,-1.05,6.89,-1.81,25,-25
3727,42.98,1006.75,-21.96,-82.88,39.19,12.64,1.04,9.78,-2.62,25,-25
3744,42.98,1006.49,-14.82,-82.9,38.43,13.76,1.67,10.12,-2.94,25,-25
3761,42.98,1006.75,-21.96,-82.94,38.57,13.81,0.38,9.85,-2.29,25,-25
3778,42.98,1006.62,-18.39,-82.83,38.61,13.75,-0.69,9.98,-2.34,25,-25
3795,42.98,1006.62,-18.39,-82.84,39.93,12.36,0.1,9.43,-1.25,25,-25
3812,42.98,1006.49,-14.82,-82.86,40.63,11.61,0.32,10.31,-2.29,25,-25
3829,42.97,1006.58,-17.3,-82.9,40.22,11.96,0.85,10.08,-0.1,25,-25
3846,42.97,1006.58,-17.3,-82.93,39.39,12.81,0.6,9.26,-1.56,25,-25
3863,42.97,1006.58,-17.3,-82.91,39.91,12.3,-0.27,9.42,-1.36,25,-25
3880,42.97,1006.58,-17.3,-82.97,39.67,12.54,0.1,9.75,-1.55,25,-25
3897,42.97,1006.71,-20.86,-82.98,40.55,11.69,-0.47,9.41,-1.7,25,-25
3914,42.97,1006.45,-13.73,-83,40.55,11.64,0.3,10.26,-2.39,25,-25
3931,42.97,1006.58,-17.3,-82.98,40.41,11.72,0.49,10.05,-1.97,25,-25
3948,42.97,1006.58,-17.3,-82.96,41.45,10.77,0.07,9.35,-1.61,25,-25
3965,42.97,1006.71,-20.86,-82.96,41.5,10.75,-0.2,10.06,-1.75,25,-25
3982,42.97,1006.58,-17.3,-82.89,40.17,12.09,0.76,9.6,-1.82,25,-25
3999,42.97,1006.83,-24.16,-82.81,40.87,11.45,0.35,9.44,-1.89,25,-25
4016,42.97,1006.96,-27.72,-82.83,41.15,11.17,-0.59,9.69,-1.91,25,-25
4033,42.97,1006.71,-20.86,-82.86,41.11,11.21,0.33,9.55,-1.43,25,-25
4050,42.97,1006.83,-24.16,-82.86,41.8,10.44,-0.22,9.29,-1.98,25,-25
4067,42.97,1006.58,-17.3,-82.92,41.75,10.52,-0.2,9.67,-2.02,25,-25
4084,42.95,1006.92,-26.62,-82.89,42.13,10.27,-1.05,9.44,-1.75,25,-25
4101,42.97,1006.58,-17.3,-82.83,41.14,11.3,0.58,9.55,-2.04,25,-25
4118,42.95,1006.41,-12.63,-82.87,39.62,12.87,-0.23,9.89,-1.89,25,-25
4135,42.95,1006.67,-19.76,-82.86,39.51,13.02,0.14,9.82,-1.83,25,-25
4152,42.95,1006.67,-19.76,-82.86,40.63,11.86,0,9.59,-1.92,25,-25
4169,42.95,1006.54,-16.2,-82.89,40.95,11.55,0.97,9.37,-1.79,25,-25
4186,42.95,1006.54,-16.2,-82.97,42.19,10.28,-0.18,9.59,-1.89,25,-25
4203,42.95,1006.03,-2.2,-82.88,41.58,10.85,0.9,9.79,-2.12,25,-25
4220,42.95,1006.8,-23.33,-82.78,42.01,10.52,0.48,9.75,-1.85,25,-25
4237,42.95,1006.67,-19.76,-82.79,40.92,11.65,0.02,9.54,-1.71,25,-25
4254,42.95,1006.16,-5.76,-82.79,41.6,10.93,1.03,10.18,-1.92,25,-25
4271,42.95,1006.54,-16.2,-82.77,41.84,10.71,1.11,10.04,-1.64,25,-25
4288,42.95,1006.41,-12.63,-82.72,42.12,10.59,0.31,9.93,-1.92,25,-25
4305,42.95,1006.8,-23.33,-82.78,41.65,11.02,-0.16,9.45,-2.04,25,-25
4322,42.95,1006.8,-23.33,-82.84,41.62,11.05,0.13,9.64,-1.76,25,-25
4339,42.95,1006.8,-23.33,-82.83,42.57,10.12,-0.11,9.66,-1.7,25,-25
4356,42.95,1006.8,-23.33,-82.77,42.59,10.16,-0.38,9.74,-1.9,25,-25
4373,42.95,1006.8,-23.33,-82.72,43.31,9.47,-1.09,9.65,-1.97,25,-25
4390,42.95,1006.67,-19.76,-82.68,42.77,10.07,-0.45,9.65,-1.93,25,-25
4407,42.97,1006.58,-17.3,-82.7,43.22,9.6,0.37,9.35,-1.96,25,-25
4424,42.95,1006.8,-23.33,-82.74,43.67,9.08,0.06,9.49,-2.09,25,-25
4441,42.95,1006.67,-19.76,-82.82,43.97,8.74,0.61,9.79,-1.81,25,-25
4458,42.95,1006.54,-16.2,-82.81,44.5,8.24,-0.07,10.02,-1.38,25,-25
4475,42.95,1006.41,-12.63,-82.84,43.47,9.19,0.12,9.76,-1.9,25,-25
4492,42.95,1006.54,-16.2,-82.81,44.06,8.52,0,9.88,-2.38,25,-25
4509,42.97,1006.71,-20.86,-82.71,42.95,9.65,0.23,9.57,-1.74,25,-25
4526,42.95,1006.54,-16.2,-82.66,41.39,11.22,0.41,9.91,-2.19,25,-25
4543,42.95,1006.67,-19.76,-82.67,40.02,12.54,1.24,9.89,-1.93,25,-25
4560,42.97,1006.83,-24.16,-82.68,40.28,12.24,1.66,10.44,-1.62,25,-25
4577,42.95,1005.78,4.67,-81.76,42.69,9.77,-65.04,-28.66,-13.02,25,-25
4594,42.98,1006.36,-11.26,-83.11,38.29,13.73,-16.35,1.77,-1.16,25,-25
4611,43,1006.15,-5.49,-83.94,30.59,21.22,-30.18,-0.28,-19.18,25,-25
4628,43.02,1006.69,-20.31,-84.32,23.2,27.84,-26.74,28.14,3.04,25,-25
4645,43.04,1006.61,-18.12,-84.57,13.47,36.67,11.82,11.22,0.85,25,-25
4662,43.05,1006.52,-15.65,-85.03,12.92,36.4,-3.07,13.76,3,25,-25
4679,43.07,1006.56,-16.75,-85.5,17.11,31.65,-23.8,4.6,-0.13,25,25
4696,43.07,1006.68,-20.04,-85.38,18.57,29.78,-7.79,3.25,2.14,25,25
4713,43.09,1006.59,-17.57,-85.04,16.17,31.64,-12.93,10.95,0.15,25,25
4730,43.1,1006.63,-18.67,-85.07,15.5,31.87,-11.9,16.23,-5.61,25,25
4747,43.12,1006.67,-19.76,-85.12,16.27,31.3,0.5,7.92,0.27,25,25
4763,43.14,1006.71,-20.86,-85.13,16.53,31.17,0.3,9.27,-0.81,25,25
4780,43.16,1006.49,-14.82,-85.02,15.85,32.18,2.25,8.78,0.11,25,-10.89
4797,43.16,1006.62,-18.39,-85.14,16.78,31.67,0.8,12.21,1.18,25,-10.89
4814,43.17,1006.53,-15.92,-85.21,17.03,31.77,-1.63,9.74,-2.13,25,-10.89
4831,43.19,1006.57,-17.02,-85.18,15.86,33.2,0.35,10.85,-1.31,25,-10.89
4848,43.21,1006.61,-18.12,-85.12,15.7,33.51,-0.76,10.24,-1.46,25,-10.89
4865,43.22,1006.65,-19.22,-85.12,15.5,33.78,-0.28,9.67,-1.5,25,-10.89
4882,43.24,1006.69,-20.31,-85.19,16.92,32.49,-0.21,9.92,-1.12,25,-19.01
4899,43.24,1006.69,-20.31,-85.32,19.57,30.02,-0.05,9.49,-1.17,25,-19.01
4916,43.26,1006.73,-21.41,-85.22,19.15,30.58,-0.07,10.02,-1.5,25,-19.01
4933,43.27,1006.64,-18.94,-85.3,18.58,31.12,-0.41,9.49,-1.6,25,-19.01
4950,43.27,1006.64,-18.94,-85.26,20.29,29.44,-0.28,9.63,-1.29,25,-19.01
4967,43.29,1006.55,-16.47,-85.23,19.32,30.43,-0.41,9.76,-1.09,25,-19.01
4984,43.29,1006.55,-16.47,-85.23,20.21,29.49,-0.41,9.74,-1.04,25,-25
5001,43.31,1006.59,-17.57,-85.23,19.94,29.88,-0.24,9.76,-1.03,25,-25
5018,43.33,1006.63,-18.67,-85.25,21.06,28.82,-0.27,9.85,-0.93,25,-25
5035,43.33,1006.63,-18.67,-85.29,21.24,28.62,-0.11,9.77,-1.11,25,-25
5052,43.34,1006.66,-19.49,-85.22,20.08,29.86,-0.28,9.8,-1.22,25,-25
5069,43.34,1006.66,-19.49,-85.11,19.79,30.16,-0.26,9.87,-1.19,25,-25
5086,43.36,1006.58,-17.3,-85.1,18.78,31.13,-0.34,9.65,-0.99,25,-13.45
5103,43.38,1006.74,-21.69,-85.1,17.47,32.41,-0.24,9.74,-1.17,25,-13.45
5120,43.38,1006.61,-18.12,-85.01,17.95,31.98,-0.17,9.83,-1.51,25,-13.45
5137,43.38,1006.49,-14.82,-85.04,19.12,30.84,-0.33,9.31,-1.16,25,-13.45
5154,43.38,1006.61,-18.12,-85.1,18.24,31.77,-0.29,9.5,-1.42,25,-13.45
5171,43.39,1006.65,-19.22,-85.2,18.85,31.15,-0.29,9.92,-1.13,25,-13.45
5188,43.41,1006.56,-16.75,-85.26,19.06,31,-0.29,9.82,-1.23,25,-18.87
5205,43.41,1006.56,-16.75,-85.31,18.09,31.88,-0.3,9.95,-1.1,25,-18.87
5222,43.41,1006.56,-16.75,-85.31,16.29,33.72,-0.31,9.97,-1.19,25,-18.87
5239,43.43,1006.73,-21.41,-85.27,16.45,33.52,-0.23,9.99,-1.13,25,-18.87
5256,43.43,1006.73,-21.41,-85.25,14.97,34.97,-0.25,9.71,-1.15,25,-18.87
5273,43.43,1006.6,-17.84,-85.15,14.04,35.86,-0.3,9.74,-1.18,25,-18.87
5290,43.44,1006.64,-18.94,-85.14,14.5,35.38,-0.39,9.8,-1.3,25,0.13
5307,43.44,1006.64,-18.94,-85.21,15.76,34.14,-0.11,9.79,-1.15,25,0.13
5324,43.44,1006.51,-15.37,-85.21,15.57,34.37,-0.45,10.05,-0.97,25,0.13
5341,43.44,1006.51,-15.37,-85.3,15.81,34.18,-0.56,9.68,-1.47,25,0.13
5358,43.46,1006.55,-16.47,-85.28,16.94,33.05,0.4,9.68,-1.28,25,0.13
5375,43.48,1006.59,-17.57,-85.24,16.34,33.65,0.19,9.85,-1.37,25,0.13
5392,43.48,1006.72,-21.14,-85.11,16.36,33.63,-0.41,9.89,-1.13,25,-20.98
5409,43.48,1006.59,-17.57,-85.17,15.14,34.82,-0.19,9.63,-0.99,25,-20.98
5426,43.48,1006.72,-21.14,-85.24,16.47,33.46,-0.23,9.58,-0.89,25,-20.98
5443,43.48,1006.59,-17.57,-85.16,15.92,34.04,-0.88,9.91,-1.06,25,-20.98
5460,43.5,1006.63,-18.67,-85.12,15.15,34.89,-0.32,9.21,-0.96,25,-20.98
5477,43.5,1006.63,-18.67,-85.22,16.89,33.12,-0.76,9.67,-1.19,25,-20.98
5494,43.5,1006.76,-22.23,-85.22,16.38,33.51,-0.33,9.7,-1.28,25,-15.53
5511,43.51,1006.67,-19.76,-85.29,17.31,32.55,-0.11,9.82,-1.13,25,-15.53
5528,43.51,1006.67,-19.76,-85.29,17.02,32.81,-0.18,9.65,-1.27,25,-15.53
5545,43.5,1006.63,-18.67,-85.33,16.67,33.16,-0.26,9.66,-1.3,25,-15.53
5562,43.51,1006.67,-19.76,-85.38,16.73,33.13,-0.33,9.88,-1.26,25,-15.53
5579,43.51,1006.67,-19.76,-85.28,17.4,32.55,-0.36,9.7,-1.14,25,-15.53
5596,43.51,1006.67,-19.76,-85.3,17.44,32.41,-0.38,9.82,-1.28,25,-19.76
5613,43.51,1006.67,-19.76,-85.37,17.37,32.48,-0.3,9.63,-1.11,25,-19.76
5630,43.51,1006.67,-19.76,-85.34,18.08,31.76,-0.4,9.63,-1.23,25,-19.76
5647,43.51,1006.54,-16.2,-85.38,17.95,31.88,-0.34,9.82,-1.2,25,-19.76
5664,43.51,1006.67,-19.76,-85.34,18.61,31.29,-0.3,9.85,-1.16,25,-19.76
5681,43.53,1006.71,-20.86,-85.15,17.8,32.12,-0.17,9.83,-1.18,25,-19.76
5698,43.51,1006.54,-16.2,-85.1,19.15,30.81,-0.15,9.68,-1.22,25,-23.44
5715,43.53,1006.71,-20.86,-85.08,19.3,30.69,-0.34,9.83,-1.25,25,-23.44
5732,43.53,1006.58,-17.3,-85.03,20.19,29.79,-0.29,9.84,-1.01,25,-23.44
5749,43.53,1006.71,-20.86,-85.04,19.15,30.81,-0.29,9.68,-1.12,25,-23.44
5766,43.53,1006.71,-20.86,-85.09,18.1,31.81,-0.34,9.82,-1.19,25,-23.44
5783,43.53,1006.71,-20.86,-85.01,18.44,31.57,-0.34,9.82,-1.16,25,-23.44
5800,43.53,1006.71,-20.86,-84.94,18.73,31.21,-0.39,9.75,-1.26,25,-16.68
5817,43.55,1006.62,-18.39,-84.89,18.67,31.31,-0.29,9.8,-0.91,25,-16.68
5834,43.55,1006.75,-21.96,-84.89,20.06,29.99,-0.47,9.8,-1.14,25,-16.68
5851,43.55,1006.62,-18.39,-84.97,20.6,29.41,-0.31,9.94,-1.26,25,-16.68
5868,43.55,1006.75,-21.96,-84.94,20.44,29.64,-0.34,9.79,-1.34,25,-16.68
5885,43.55,1006.62,-18.39,-84.9,22.43,27.72,-0.24,9.9,-1.18,25,-16.68
5902,43.55,1006.62,-18.39,-84.96,24.44,25.68,-0.37,9.74,-1.16,25,-25
5919,43.56,1006.66,-19.49,-85.06,24.2,25.86,-0.37,9.85,-1.25,25,-25
5936,43.55,1006.62,-18.39,-85.07,22.93,27.09,-0.82,9.88,-0.98,25,-25
5953,43.55,1006.62,-18.39,-85.12,23.76,26.26,-0.25,9.62,-1.12,25,-25
5970,43.55,1006.62,-18.39,-85.1,25.01,25.01,-0.3,9.76,-1.31,25,-25
5987,43.56,1006.66,-19.49,-85.12,25.77,24.28,-0.5,9.72,-1.2,25,-25
6004,43.56,1006.66,-19.49,-85.09,25.39,24.67,-0.41,9.73,-1.16,25,-25
6021,43.55,1006.75,-21.96,-85.28,26.68,23.39,-0.25,9.84,-1.15,25,-25
6038,43.56,1006.66,-19.49,-85.29,26.6,23.47,-0.19,9.84,-1.16,25,-25
6055,43.55,1006.62,-18.39,-85.4,26.95,23.12,-0.34,9.76,-1.13,25,-25
6072,43.56,1006.66,-19.49,-85.5,26.24,23.6,-0.32,9.8,-1.13,25,-25
6089,43.56,1006.66,-19.49,-85.47,26.7,23.03,-0.35,9.74,-1.11,25,-25
6106,43.56,1006.66,-19.49,-85.53,28.04,21.71,-0.32,9.67,-1.23,25,-25
6123,43.56,1006.66,-19.49,-85.57,27.34,22.39,-0.35,9.76,-1.26,25,-25
6140,43.56,1006.53,-15.92,-85.55,26.8,22.98,-0.26,9.8,-1.15,25,-25
6157,43.56,1006.66,-19.49,-85.46,25.42,24.31,-0.22,9.8,-1.28,25,-25
6174,43.56,1006.66,-19.49,-85.55,25.72,23.99,-0.23,9.85,-1.13,25,-25
6191,43.58,1006.57,-17.02,-85.59,27.13,22.61,-0.29,9.9,-1.13,25,-25
6208,43.56,1006.66,-19.49,-85.54,25.25,24.43,-0.3,9.7,-1.15,25,-16.29
6225,43.58,1006.69,-20.31,-85.46,25.73,24.06,-0.43,9.8,-1.16,25,-16.29
6242,43.58,1006.69,-20.31,-85.51,23.78,25.88,-0.45,10.37,-0.97,25,-16.29
6259,43.58,1006.69,-20.31,-85.53,24.97,24.65,-0.29,9.95,-1.27,25,-16.29
6276,43.58,1006.69,-20.31,-85.49,24.62,25.02,-0.41,9.73,-1.08,25,-16.29
6293,43.58,1006.69,-20.31,-85.46,24.79,24.93,-0.34,9.84,-1.06,25,-16.29
6310,43.58,1006.69,-20.31,-85.56,25.5,24.17,-0.26,9.78,-1.15,25,-25
6327,43.58,1006.69,-20.31,-85.53,26.35,23.28,-0.44,9.76,-1.15,25,-25
6344,43.58,1006.69,-20.31,-85.62,25.58,24.08,-0.34,9.63,-1.14,25,-25
6361,43.58,1006.69,-20.31,-85.63,25.53,24.2,-0.24,9.56,-1.29,25,-25
6378,43.58,1006.57,-17.02,-85.72,25.59,24.06,-0.36,9.8,-1.25,25,-25
6395,43.58,1006.57,-17.02,-85.77,25.13,24.52,-0.36,9.68,-1.29,25,-25
6412,43.58,1006.82,-23.88,-85.85,27.25,22.37,-0.29,9.73,-1.2,25,-25
6429,43.6,1006.73,-21.41,-85.84,28.58,20.97,-0.36,9.78,-1.13,25,-25
6446,43.58,1006.69,-20.31,-85.81,28.46,21.12,-0.31,9.75,-1.18,25,-25
6463,43.6,1006.61,-18.12,-85.67,28.03,21.57,-0.32,9.74,-1.25,25,-25
6480,43.6,1006.73,-21.41,-85.65,28.22,21.31,-0.34,9.74,-1.21,25,-25
6497,43.6,1006.73,-21.41,-85.58,28.31,21.25,-0.24,9.74,-1.19,25,-25
6514,43.6,1006.73,-21.41,-85.51,26.87,22.73,-0.23,9.67,-1.25,25,-25
6531,43.6,1006.73,-21.41,-85.54,25.78,23.72,-0.44,9.82,-1.1,25,-25
6548,43.58,1006.57,-17.02,-85.53,25.24,24.32,-0.38,9.97,-1.2,25,-25
6565,43.6,1006.61,-18.12,-85.59,26,23.52,-0.33,9.8,-1.14,25,-25
6582,43.62,1006.77,-22.51,-85.58,23.48,25.98,-0.25,9.84,-1.2,25,-25
6599,43.6,1006.61,-18.12,-85.59,25.08,24.38,-0.35,9.79,-1.14,25,-25
6616,43.6,1006.61,-18.12,-85.54,27.42,22.09,-0.33,9.86,-1.12,25,-25
6633,43.6,1006.61,-18.12,-85.57,27.79,21.71,-0.36,9.8,-1.28,25,-25
6650,43.6,1006.61,-18.12,-85.54,27.26,22.2,-0.35,9.82,-1.14,25,-25
6667,43.62,1006.77,-22.51,-85.55,25.34,24.1,-0.25,9.88,-1.12,25,-25
6684,43.62,1006.64,-18.94,-85.51,26.3,23.25,-0.4,9.68,-1.16,25,-25
6701,43.6,1006.73,-21.41,-85.55,27.44,22.13,-0.3,9.8,-1.19,25,-25
6718,43.62,1006.64,-18.94,-85.54,26.82,22.7,-0.28,9.69,-1.3,25,-24.7
6735,43.62,1006.64,-18.94,-85.5,25.08,24.41,-0.22,9.78,-1.17,25,-24.7
6752,43.6,1006.61,-18.12,-85.55,24.62,24.83,-0.31,9.79,-1.11,25,-24.7
6769,43.62,1006.64,-18.94,-85.6,25.86,23.58,-0.3,9.72,-1.1,25,-24.7
6786,43.62,1006.64,-18.94,-85.62,26.83,22.68,-0.23,9.76,-1.21,25,-24.7
6803,43.62,1006.64,-18.94,-85.69,25.79,23.73,-0.29,9.7,-1.23,25,-24.7
6820,43.62,1006.77,-22.51,-85.65,27.16,22.44,-0.29,9.76,-1.22,25,-25
6837,43.62,1006.77,-22.51,-85.62,27.26,22.32,-0.3,9.86,-1.24,25,-25
6854,43.62,1006.64,-18.94,-85.52,27.7,21.93,-0.24,9.65,-1.12,25,-25
6871,43.63,1006.68,-20.04,-85.53,27.4,22.24,-0.24,9.66,-1.1,25,-25
6888,43.62,1006.77,-22.51,-85.56,26.11,23.5,-0.34,9.7,-1.15,25,-25
6905,43.62,1006.64,-18.94,-85.44,26.19,23.43,-0.22,9.77,-1.16,25,-25
6922,43.62,1006.64,-18.94,-85.44,25.7,23.93,-0.28,9.62,-1.18,25,-21.11
6939,43.63,1006.68,-20.04,-85.47,23.89,25.62,-0.3,9.75,-1.23,25,-21.11
6956,43.63,1006.68,-20.04,-85.46,24.25,25.28,-0.49,9.72,-1.08,25,-21.11
6973,43.63,1006.68,-20.04,-85.55,25.28,24.32,-0.32,9.65,-1.33,25,-21.11
6990,43.63,1006.68,-20.04,-85.56,25.23,24.47,-0.38,9.84,-1.23,25,-21.11
7007,43.63,1006.68,-20.04,-85.4,24.25,25.35,-0.25,9.75,-1.17,25,-21.11
7024,43.63,1006.68,-20.04,-85.46,23.56,26.11,-0.38,9.73,-1.22,25,-16.98
7041,43.63,1006.68,-20.04,-85.42,23.25,26.46,-0.44,9.93,-1.17,25,-16.98
7058,43.65,1006.72,-21.14,-85.45,23.06,26.7,-0.35,10.06,-1.07,25,-16.98
7075,43.63,1006.56,-16.75,-85.45,23.04,26.68,-0.33,9.96,-1.33,25,-16.98
7092,43.65,1006.72,-21.14,-85.43,22.41,27.31,-0.28,9.72,-1.24,25,-16.98
7109,43.65,1006.59,-17.57,-85.47,22.98,26.77,-0.34,9.85,-1.03,25,-16.98
7126,43.65,1006.59,-17.57,-85.45,23.8,25.91,-0.31,9.71,-1.29,25,-24.4
7143,43.65,1006.59,-17.57,-85.34,24.27,25.44,-0.32,9.94,-1.16,25,-24.4
7160,43.65,1006.59,-17.57,-85.29,23.57,26.18,-0.5,10.08,-1.22,25,-24.4
7177,43.65,1006.59,-17.57,-85.35,24.19,25.63,-0.08,9.83,-1.25,25,-24.4
7194,43.65,1006.59,-17.57,-85.36,22.53,27.41,-0.27,9.8,-1.17,25,-24.4
7211,43.65,1006.59,-17.57,-85.43,23.16,26.82,-0.28,9.81,-1.28,25,-24.4
7228,43.65,1006.59,-17.57,-85.46,23.53,26.49,-0.3,9.82,-1.08,25,-22.65
7245,43.65,1006.59,-17.57,-85.56,23.47,26.56,-0.3,9.77,-1.1,25,-22.65
7262,43.65,1006.72,-21.14,-85.46,21.95,28.12,-0.32,9.81,-1.3,25,-22.65
7279,43.67,1006.63,-18.67,-85.44,21.44,28.63,-0.41,9.74,-1.25,25,-22.65
7296,43.65,1006.59,-17.57,-85.42,20.99,29.05,-0.43,9.84,-1.23,25,-22.65
7313,43.65,1006.72,-21.14,-85.38,22.93,27.13,-0.27,9.63,-1.21,25,-22.65
7330,43.67,1006.63,-18.67,-85.42,23.03,26.98,-0.3,9.81,-1.3,25,-21.48
7347,43.67,1006.63,-18.67,-85.45,24.04,25.94,-0.36,9.85,-1.29,25,-21.48
7364,43.67,1006.63,-18.67,-85.46,22.74,27.24,-0.39,9.91,-1.18,25,-21.48
7381,43.67,1006.63,-18.67,-85.53,23.64,26.46,-0.32,9.77,-1.17,25,-21.48
7398,43.67,1006.76,-22.23,-85.56,22.16,27.91,-0.37,9.73,-1.21,25,-21.48
7415,43.68,1006.67,-19.76,-85.45,20.82,29.22,-0.37,9.7,-1.26,25,-21.48
7432,43.67,1006.63,-18.67,-85.45,21.29,28.62,-0.27,9.73,-1.24,25,-16.09
7449,43.67,1006.76,-22.23,-85.35,20.71,29.2,-0.31,9.79,-1.27,25,-16.09
7466,43.67,1006.76,-22.23,-85.33,23.3,26.66,-0.75,9.97,-1.42,25,-16.09
7483,43.68,1006.67,-19.76,-85.43,24.79,25.13,-0.44,9.86,-1.14,25,-16.09
7500,43.68,1006.67,-19.76,-85.51,26.33,23.54,-0.3,9.78,-1.14,25,-16.09
7517,43.68,1006.67,-19.76,-85.47,26.88,22.99,-0.28,9.76,-1.23,25,-16.09
7534,43.68,1006.67,-19.76,-85.46,27.14,22.78,-0.3,9.71,-1.23,25,-25
7551,43.68,1006.67,-19.76,-85.38,26.72,23.17,-0.23,9.89,-1.3,25,-25
7568,43.68,1006.67,-19.76,-85.3,26.72,23.15,-0.4,9.89,-0.97,25,-25
7585,43.7,1006.71,-20.86,-85.33,26.62,23.25,-0.15,9.66,-1.14,25,-25
7602,43.68,1006.67,-19.76,-85.32,27.86,22.03,-0.42,9.79,-1.36,25,-25
7619,43.7,1006.71,-20.86,-85.28,28.25,21.74,-0.31,9.75,-1.22,25,-25
7636,43.7,1006.58,-17.3,-85.33,27.59,22.37,-0.26,9.77,-1.18,25,-25
7653,43.7,1006.71,-20.86,-85.28,28.12,21.91,-0.29,9.68,-1.18,25,-25
7670,43.7,1006.58,-17.3,-85.25,26.93,23.09,-0.34,9.77,-1.14,25,-25
7687,43.7,1006.71,-20.86,-85.22,26.2,23.89,-0.35,9.85,-1.21,25,-25
7704,43.7,1006.71,-20.86,-85.18,25.67,24.32,-0.38,9.73,-1.27,25,-25
7721,43.7,1006.71,-20.86,-85.26,25.9,24.11,-0.39,9.79,-1.18,25,-25
7738,43.7,1006.71,-20.86,-85.29,26.6,23.48,-0.26,9.86,-1.1,25,-23.81
7755,43.7,1006.71,-20.86,-85.24,27.65,22.49,-0.38,9.85,-1.25,25,-23.81
7772,43.7,1006.71,-20.86,-85.2,29.06,21.06,-0.35,9.68,-1.21,25,-23.81
7789,43.72,1006.75,-21.96,-85.2,29.69,20.37,-0.33,9.74,-1.22,25,-23.81
7806,43.72,1006.75,-21.96,-85.29,31.88,18.22,-0.24,9.8,-1.13,25,-23.81
7823,43.72,1006.62,-18.39,-85.29,31.7,18.42,-0.41,9.74,-1.26,25,-23.81
7840,43.72,1006.75,-21.96,-85.35,30.81,19.3,-0.31,9.76,-1.26,25,-25
7857,43.72,1006.75,-21.96,-85.19,30.13,19.93,-0.29,9.79,-1.25,25,-25
7874,43.72,1006.75,-21.96,-85.22,29.51,20.6,-0.31,9.8,-1.2,25,-25
7891,43.72,1006.62,-18.39,-85.15,30.07,20.03,-0.43,9.78,-1.15,25,-25
7908,43.72,1006.62,-18.39,-85.11,29.73,20.34,-0.31,9.81,-1.22,25,-25
7925,43.72,1006.62,-18.39,-85.11,31.04,19.12,-0.3,9.77,-1.24,25,-25
7942,43.73,1006.66,-19.49,-85.11,31.98,18.14,-0.26,9.78,-1.22,25,-25
7959,43.72,1006.62,-18.39,-85.13,32.95,17.23,-0.3,9.89,-1.15,25,-25
7976,43.73,1006.53,-15.92,-85.21,34.7,15.51,-0.33,9.87,-1.19,25,-25
7993,43.73,1006.66,-19.49,-85,35.38,14.91,-0.32,9.79,-1.21,25,-25
8010,43.73,1006.66,-19.49,-85.03,35.74,14.56,-0.2,9.91,-1.35,25,-25
8027,43.73,1006.66,-19.49,-84.96,35.6,14.7,-0.26,9.69,-1.19,25,-25
8044,43.73,1006.66,-19.49,-84.85,35.45,14.89,-0.3,9.85,-1.23,25,-25
8061,43.73,1006.66,-19.49,-84.92,36.12,14.21,-0.33,9.8,-1.19,25,-25
8078,43.73,1006.66,-19.49,-84.93,37.28,13.08,-0.24,9.7,-1.2,25,-25
8095,43.73,1006.66,-19.49,-85.02,38,12.41,-0.39,9.77,-1.31,25,-25
8112,43.75,1006.7,-20.59,-85.08,38.2,12.19,-0.21,9.75,-1.24,25,-25
8129,43.73,1006.66,-19.49,-85.09,37.48,12.85,-0.3,9.66,-1.28,25,-25
8146,43.73,1006.66,-19.49,-85.07,35.98,14.32,-0.28,9.69,-1.14,25,-25
8163,43.75,1006.7,-20.59,-85.12,34.59,15.7,-0.27,9.72,-1.17,25,-25
8180,43.75,1006.57,-17.02,-85.11,34.36,15.94,-0.32,9.86,-1.13,25,-25
8197,43.75,1006.7,-20.59,-85.07,35.73,14.6,-0.34,9.63,-1.17,25,-25
8214,43.75,1006.57,-17.02,-85.16,33.65,16.63,-0.32,9.74,-1.24,25,-25
8231,43.75,1006.7,-20.59,-85.09,32.65,17.69,-0.4,9.7,-1.11,25,-25
8248,43.75,1006.83,-24.16,-85.02,32.78,17.52,-0.26,9.79,-1.19,25,-23.67
8265,43.75,1006.7,-20.59,-85.16,33.32,16.98,-0.32,9.71,-1.17,25,-23.67
8282,43.75,1006.7,-20.59,-85.22,33.82,16.5,-0.22,9.74,-1.25,25,-23.67
8299,43.77,1006.61,-18.12,-85.2,34.45,15.94,-0.31,9.79,-1.15,25,-23.67
8316,43.77,1006.74,-21.69,-85.18,33.72,16.61,-0.32,9.77,-1.16,25,-23.67
8333,43.77,1006.74,-21.69,-85.29,33.7,16.67,-0.27,9.79,-1.24,25,-23.67
8350,43.77,1006.74,-21.69,-85.27,34.02,16.32,-0.27,9.68,-1.28,25,-25
8367,43.77,1006.61,-18.12,-85.23,32.54,17.78,-0.32,9.82,-1.17,25,-25
8384,43.77,1006.74,-21.69,-85.27,32.39,17.92,-0.3,9.75,-1.19,25,-25
8401,43.77,1006.61,-18.12,-85.25,30.53,19.83,-0.27,9.7,-1.17,25,-25
8418,43.77,1006.74,-21.69,-85.31,31.11,19.21,-0.34,9.77,-1.24,25,-25
8435,43.77,1006.74,-21.69,-85.25,32.55,17.8,-0.24,9.9,-1.12,25,-25
8452,43.79,1006.65,-19.22,-85.23,32.86,17.49,-0.42,9.76,-1.2,25,-25
8469,43.77,1006.48,-14.55,-85.2,32.72,17.63,-0.33,9.72,-1.16,25,-25
8486,43.77,1006.61,-18.12,-85.14,32.84,17.48,-0.28,9.82,-1.31,25,-25
8503,43.79,1006.65,-19.22,-85.19,32.35,17.88,-0.32,9.79,-1.27,25,-25
8520,43.79,1006.65,-19.22,-85.18,32.33,17.9,-0.29,9.72,-1.24,25,-25
8537,43.79,1006.65,-19.22,-85.22,32.4,17.72,-0.31,9.74,-1.18,25,-25
8554,43.79,1006.65,-19.22,-85.15,30.83,19.24,-0.34,9.75,-1.21,25,-25
8571,43.8,1006.81,-23.61,-85.06,31.97,17.99,-0.27,9.74,-1.19,25,-25
8588,43.79,1006.65,-19.22,-85.06,31.97,17.95,-0.4,9.74,-1.22,25,-25
8605,43.8,1006.56,-16.75,-85.05,32.48,17.5,-0.29,9.73,-1.17,25,-25
8622,43.8,1006.69,-20.31,-85.03,31.66,18.24,-0.35,9.83,-1.14,25,-25
8639,43.8,1006.69,-20.31,-85.04,31.37,18.48,-0.26,9.71,-1.15,25,-25
8656,43.79,1006.65,-19.22,-84.91,30.39,19.52,-0.36,9.88,-1.14,25,-25
8673,43.8,1006.56,-16.75,-84.96,29.47,20.48,-0.37,9.74,-1.27,25,-25
8690,43.8,1006.69,-20.31,-84.87,29.11,20.86,-0.28,9.82,-1.16,25,-25
8707,43.8,1006.69,-20.31,-84.86,29.36,20.5,-0.31,9.76,-1.29,25,-25
8724,43.79,1006.65,-19.22,-84.89,29.86,20.01,-0.33,9.9,-1.23,25,-25
8741,43.82,1006.73,-21.41,-84.95,30.17,19.75,-0.29,9.79,-1.25,25,-25
8758,43.8,1006.69,-20.31,-84.92,30.33,19.62,-0.34,9.63,-1.34,25,-25
8775,43.82,1006.85,-24.7,-84.89,30.64,19.36,-0.33,9.7,-1.2,25,-25
8792,43.82,1006.6,-17.84,-84.96,29.66,20.25,-0.31,9.85,-1.17,25,-25
8809,43.82,1006.6,-17.84,-84.95,30.27,19.65,-0.3,9.72,-1.29,25,-25
8826,43.82,1006.73,-21.41,-84.99,31.58,18.49,-0.31,9.74,-1.23,25,-25
8843,43.82,1006.6,-17.84,-84.93,30.55,19.58,-0.29,9.87,-1.21,25,-25
8860,43.82,1006.73,-21.41,-84.88,30.09,20.09,-0.33,9.81,-1.14,25,-25
8877,43.82,1006.6,-17.84,-84.92,30.1,20.13,-0.26,9.87,-1.23,25,-25
8894,43.82,1006.73,-21.41,-84.97,30.91,19.39,-0.38,9.74,-1.17,25,-25
8911,43.82,1006.73,-21.41,-84.95,31.48,18.77,-0.32,9.81,-1.3,25,-25
8928,43.84,1006.76,-22.23,-84.99,31.73,18.46,-0.32,9.75,-1.13,25,-25
8945,43.82,1006.6,-17.84,-84.99,32.85,17.45,-0.35,9.72,-1.24,25,-25
8962,43.84,1006.64,-18.94,-84.96,31.76,18.58,-0.35,9.78,-1.17,25,-25
8979,43.84,1006.76,-22.23,-84.97,32.43,17.95,-0.34,9.79,-1.23,25,-25
8996,43.84,1006.76,-22.23,-85.05,32.84,17.58,-0.32,9.85,-1.26,25,-25
9013,43.84,1006.76,-22.23,-85.03,33.91,16.57,-0.27,9.81,-1.15,25,-25
9030,43.84,1006.76,-22.23,-85.03,33.73,16.72,-0.27,9.8,-1.23,25,-25
9047,43.84,1006.76,-22.23,-85.05,32.29,18.14,-0.33,9.78,-1.12,25,-25
9064,43.82,1006.6,-17.84,-84.97,30.7,19.7,-0.32,9.82,-1.18,25,-25
9081,43.84,1006.64,-18.94,-84.98,31.83,18.57,-0.28,9.75,-1.13,25,-25
9098,43.84,1006.64,-18.94,-85.06,31.86,18.51,-0.29,9.83,-1.22,25,-25
9115,43.85,1006.8,-23.33,-85.05,29.38,21,-0.31,9.75,-1.25,25,-25
9132,43.85,1006.55,-16.47,-85.07,28.97,21.34,-0.35,9.74,-1.32,25,-25
9149,43.85,1006.67,-19.76,-85.12,28.81,21.5,-0.33,9.77,-1.24,25,-25
9166,43.85,1006.55,-16.47,-85.09,30.5,19.9,-0.28,9.74,-1.26,25,-25
9183,43.85,1006.67,-19.76,-85.01,32.19,18.25,-0.31,9.75,-1.25,25,-25
9200,43.85,1006.67,-19.76,-84.88,31.16,19.35,-0.3,9.82,-1.21,25,-25
9217,43.85,1006.67,-19.76,-84.85,30.9,19.62,-0.29,9.82,-1.23,25,-25
9234,43.85,1006.55,-16.47,-84.91,30.77,19.68,-0.17,9.64,-1.26,25,-25
9251,43.87,1006.71,-20.86,-84.89,30.67,19.82,-0.31,9.72,-1.12,25,-25
9268,43.85,1006.67,-19.76,-84.93,30.98,19.51,-0.27,9.68,-1.05,25,-25
9285,43.87,1006.84,-24.43,-84.91,31.79,18.77,-0.42,9.96,-1.23,25,-25
9302,43.87,1006.71,-20.86,-84.84,30.52,19.97,-0.44,9.75,-1.13,25,-25
9319,43.87,1006.71,-20.86,-84.82,29.64,20.79,-0.31,9.77,-1.32,25,-25
9336,43.87,1006.71,-20.86,-84.73,29.8,20.62,-0.33,9.74,-1.18,25,-25
9353,43.87,1006.84,-24.43,-84.59,30.44,19.93,-0.28,9.73,-1.04,25,-25
9370,43.87,1006.71,-20.86,-84.65,32.52,17.87,-0.32,9.92,-1.46,25,-25
9387,43.87,1006.59,-17.57,-84.51,32.76,17.74,-0.29,9.71,-1.31,25,-25
9404,43.87,1006.59,-17.57,-84.56,32.76,17.76,-0.34,9.7,-1.18,25,-25
9421,43.87,1006.59,-17.57,-84.51,32.57,17.94,-0.29,9.77,-1.1,25,-25
9438,43.87,1006.71,-20.86,-84.52,31.68,18.77,-0.48,9.81,-1.06,25,-25
9455,43.87,1006.71,-20.86,-84.53,31.69,18.77,-0.53,9.83,-1.28,25,-25
9472,43.89,1006.75,-21.96,-84.56,33.85,16.71,-0.34,9.75,-1.28,25,-25
9489,43.89,1006.62,-18.39,-84.61,33.37,17.2,-0.31,9.75,-1.29,25,-25
9506,43.89,1006.62,-18.39,-84.71,32.69,17.87,-0.38,9.81,-1.19,25,-25
9523,43.89,1006.75,-21.96,-84.77,32.14,18.46,-0.26,9.78,-1.26,25,-25
9540,43.89,1006.62,-18.39,-84.7,31.81,18.83,-0.43,9.85,-1.25,25,-25
9557,43.89,1006.62,-18.39,-84.66,31.95,18.76,-0.24,9.78,-1.32,25,-25
9574,43.89,1006.75,-21.96,-84.67,31.2,19.49,-0.41,9.81,-1.06,25,-24.6
9591,43.89,1006.75,-21.96,-84.72,31.33,19.27,-0.38,9.85,-1.08,25,-24.6
9608,43.89,1006.75,-21.96,-84.7,31.96,18.63,-0.28,9.7,-1.34,25,-24.6
9625,43.91,1006.53,-15.92,-84.72,31.91,18.71,-0.14,9.71,-1.17,25,-24.6
9642,43.91,1006.66,-19.49,-84.65,31.8,18.79,-0.38,9.7,-1.29,25,-24.6
9659,43.91,1006.66,-19.49,-84.59,31.76,18.84,-0.4,9.85,-1.16,25,-24.6
9676,43.91,1006.66,-19.49,-84.63,30.54,20.07,-0.41,9.79,-1.23,25,-25
9693,43.91,1006.79,-23.06,-84.53,30.36,20.31,-0.23,9.85,-1.13,25,-25
9710,43.91,1006.66,-19.49,-84.62,31.87,18.83,-0.42,9.83,-1.24,25,-25
9727,43.91,1006.66,-19.49,-84.61,33.44,17.25,-0.32,9.84,-1.22,25,-25
9744,43.91,1006.66,-19.49,-84.46,33.85,16.88,-0.29,9.8,-1.17,25,-25
9761,43.91,1006.53,-15.92,-84.5,34,16.72,-0.28,9.68,-1.16,25,-25
9778,43.92,1006.7,-20.59,-84.49,33.29,17.38,-0.3,9.74,-1.24,25,-25
9795,43.91,1006.79,-23.06,-84.4,33.26,17.45,-0.28,9.74,-1.26,25,-25
9812,43.91,1006.66,-19.49,-84.37,34.33,16.33,-0.32,9.77,-1.14,25,-25
9829,43.91,1006.66,-19.49,-84.35,34.02,16.61,-0.33,9.78,-1.27,25,-25
9846,43.91,1006.66,-19.49,-84.41,34.95,15.67,-0.33,9.69,-1.25,25,-25
9863,43.92,1006.57,-17.02,-84.43,35.79,14.87,-0.31,9.84,-1.2,25,-25
9880,43.91,1006.79,-23.06,-84.4,37.27,13.45,-0.36,9.85,-1.22,25,-25
9897,43.92,1006.83,-24.16,-84.39,37.91,12.79,-0.33,9.82,-1.24,25,-25
9914,43.94,1006.74,-21.69,-84.43,37.36,13.4,-0.33,9.74,-1.34,25,-25
9931,43.92,1006.83,-24.16,-84.43,39.27,11.43,-0.37,9.82,-1.27,25,-25
9948,43.92,1006.7,-20.59,-84.43,38.75,12,-0.34,9.77,-1.21,25,-25
9965,43.92,1006.57,-17.02,-84.33,38.68,12.12,-0.34,9.75,-1.29,25,-25
9982,43.92,1006.57,-17.02,-84.27,38.01,12.77,-0.36,9.74,-1.21,25,-25
9999,43.92,1006.57,-17.02,-84.25,37.37,13.43,-0.32,9.79,-1.19,25,-25
10016,43.92,1006.7,-20.59,-84.19,38.31,12.5,-0.3,9.79,-1.17,25,-25
10033,43.94,1006.61,-18.12,-84.19,38.32,12.43,-0.27,9.79,-1.15,25,-25
10050,43.94,1006.61,-18.12,-84.18,37.69,13.09,-0.33,9.74,-1.24,25,-25
10067,43.94,1006.74,-21.69,-84.18,37.73,13.07,-0.28,9.79,-1.21,25,-25
10084,43.94,1006.74,-21.69,-84.13,37.45,13.4,-0.34,9.71,-1.23,25,-25
10101,43.94,1006.61,-18.12,-84.05,37.35,13.52,-0.32,9.82,-1.28,25,-25
10118,43.94,1006.61,-18.12,-84,37.4,13.53,-0.32,9.81,-1.13,25,-25
10135,43.96,1006.78,-22.78,-83.96,37.62,13.24,-0.28,9.76,-1.25,25,-25
10152,43.94,1006.74,-21.69,-84.08,37.69,13.15,-0.24,9.91,-1.21,25,-25
10169,43.96,1006.78,-22.78,-84.1,36.92,13.89,-0.27,9.81,-1.22,25,-25
10186,43.96,1006.65,-19.22,-84.13,36.01,14.71,-0.36,9.81,-1.23,25,-25
10203,43.96,1006.91,-26.35,-84.13,36.81,13.99,-0.35,9.79,-1.12,25,-25
10220,43.96,1006.65,-19.22,-84.16,35.73,15.12,-0.36,9.7,-1.21,25,-25
10237,43.96,1006.78,-22.78,-84.19,35.84,14.92,-0.32,9.74,-1.28,25,-25
10254,43.94,1006.61,-18.12,-84.21,35.37,15.35,-0.35,9.74,-1.3,25,-25
10271,43.96,1006.65,-19.22,-84.31,34.5,16.28,-0.39,9.71,-1.28,25,-25
10288,43.96,1006.65,-19.22,-84.3,35.89,14.91,-0.31,9.82,-1.28,25,-25
10305,43.96,1006.65,-19.22,-84.36,35.95,14.85,-0.29,9.76,-1.17,25,-25
10322,43.96,1006.65,-19.22,-84.43,35.07,15.63,-0.33,9.8,-1.13,25,-25
10339,43.96,1006.78,-22.78,-84.45,33.53,17.08,-0.4,9.72,-1.25,25,-25
10356,43.97,1006.69,-20.31,-84.45,32.85,17.74,-0.31,9.78,-1.19,25,-25
10373,43.96,1006.65,-19.22,-84.44,32.67,17.86,-0.33,9.76,-1.25,25,-25
10390,43.96,1006.65,-19.22,-84.45,32.03,18.51,-0.3,9.77,-1.2,25,-22.34
10407,43.96,1006.65,-19.22,-84.38,30.52,19.97,-0.34,9.85,-1.23,25,-22.34
10424,43.97,1006.69,-20.31,-84.43,29.62,20.91,-0.34,9.79,-1.22,25,-22.34
10441,43.96,1006.52,-15.65,-84.48,30.27,20.22,-0.28,9.75,-1.2,25,-22.34
10458,43.97,1006.82,-23.88,-84.39,30.31,20.25,-0.31,9.8,-1.21,25,-22.34
10475,43.97,1006.69,-20.31,-84.32,29.16,21.28,-0.34,9.83,-1.13,25,-22.34
10492,43.97,1006.69,-20.31,-84.29,29.17,21.29,-0.36,9.69,-1.21,25,-22.52
10509,43.97,1006.69,-20.31,-84.29,29.97,20.5,-0.37,9.72,-1.41,25,-22.52
10526,43.97,1006.69,-20.31,-84.41,30.44,19.99,-0.29,9.81,-1.24,25,-22.52
10543,43.97,1006.56,-16.75,-84.35,30.06,20.41,-0.23,9.77,-1.14,25,-22.52
10560,43.97,1006.69,-20.31,-84.31,29.27,21.22,-0.27,9.92,-1.14,25,-22.52
10577,43.97,1006.56,-16.75,-84.38,29.86,20.6,-0.27,9.79,-1.16,25,-22.52
10594,43.97,1006.69,-20.31,-84.33,29.45,20.99,-0.34,9.82,-1.12,25,-25
10611,43.97,1006.69,-20.31,-84.28,29.83,20.61,-0.24,9.82,-1.18,25,-25
10628,43.99,1006.73,-21.41,-84.38,29.8,20.68,-0.25,9.85,-1.18,25,-25
10645,43.99,1006.73,-21.41,-84.45,29.28,21.07,-0.39,9.54,-1.31,25,-25
10662,43.99,1006.73,-21.41,-84.35,29.3,21.09,-0.34,9.81,-1.26,25,-25
10679,43.97,1006.56,-16.75,-84.39,29.42,20.92,-0.34,9.78,-1.26,25,-25
10696,43.99,1006.6,-17.84,-84.37,28.94,21.34,-0.36,9.75,-1.1,25,-25
10713,43.99,1006.6,-17.84,-84.33,30,20.31,-0.31,9.83,-1.32,25,-25
10730,43.99,1006.6,-17.84,-84.46,30.29,19.99,-0.35,9.82,-1.21,25,-25
10747,43.99,1006.6,-17.84,-84.43,30.16,20.09,-0.42,9.92,-1.19,25,-25
10764,43.99,1006.6,-17.84,-84.49,29.88,20.28,-0.25,9.71,-1.24,25,-25
10781,43.99,1006.73,-21.41,-84.48,29.94,20.28,-0.31,9.8,-1.15,25,-25
10798,44.01,1006.64,-18.94,-84.4,29.83,20.34,-0.29,9.82,-1.19,25,-25
10815,43.99,1006.73,-21.41,-84.28,28.82,21.33,-0.34,9.72,-1.21,25,-25
10832,43.99,1006.6,-17.84,-84.21,27.89,22.24,-0.27,9.81,-1.21,25,-25
10849,43.99,1006.6,-17.84,-84.14,29.57,20.62,-0.33,9.79,-1.16,25,-25
10866,44.01,1006.77,-22.51,-84.09,29.39,20.8,-0.3,9.77,-1.14,25,-25
10883,44.01,1006.64,-18.94,-84,29.17,21.03,-0.35,9.8,-1.19,25,-25
10900,44.01,1006.64,-18.94,-84.09,29.83,20.32,-0.29,9.84,-1.26,25,-25
10917,44.01,1006.64,-18.94,-84.12,29.59,20.53,-0.28,9.78,-1.26,25,-25
10934,44.01,1006.77,-22.51,-84.06,29.55,20.56,-0.33,9.77,-1.14,25,-25
10951,44.01,1006.64,-18.94,-84.08,29.8,20.34,-0.3,9.85,-1.22,25,-25
10968,44.01,1006.64,-18.94,-84.09,29.85,20.35,-0.31,9.72,-1.18,25,-25
10985,44.01,1006.77,-22.51,-84.11,28.86,21.31,-0.33,9.79,-1.2,25,-25
11002,44.01,1006.77,-22.51,-84.09,28.81,21.36,-0.38,9.74,-1.2,25,-25
11019,44.01,1006.64,-18.94,-84.18,28.99,21.2,-0.24,9.78,-1.16,25,-25
11036,44.01,1006.64,-18.94,-84.09,29.46,20.74,-0.3,9.74,-1.26,25,-25
11053,44.01,1006.77,-22.51,-84.14,28.44,21.71,-0.43,9.76,-1.19,25,-25
11070,44.01,1006.64,-18.94,-84.12,28.79,21.4,-0.3,9.66,-1.27,25,-25
11087,44.02,1006.68,-20.04,-84.1,28.25,21.89,-0.37,9.74,-1.29,25,-25
11104,44.01,1006.64,-18.94,-84.16,29.99,20.14,-0.32,9.83,-1.22,25,-25
11121,44.02,1006.68,-20.04,-84.11,29.76,20.26,-0.33,9.82,-1.26,25,-25
11138,44.02,1006.68,-20.04,-84.15,30.65,19.32,-0.29,9.8,-1.14,25,-25
11155,44.02,1006.68,-20.04,-84.14,30.79,19.22,-0.39,9.72,-1.28,25,-25
11172,44.02,1006.68,-20.04,-84.15,30.84,19.2,-0.3,9.74,-1.26,25,-25
11189,44.02,1006.81,-23.61,-84.21,31.15,18.85,-0.31,9.79,-1.29,25,-25
11206,44.02,1006.68,-20.04,-84.21,31.86,18.22,-0.36,9.81,-1.2,25,-25
11223,44.02,1006.68,-20.04,-84.28,31.8,18.3,-0.35,9.78,-1.34,25,-25
11240,44.02,1006.68,-20.04,-84.3,31.22,18.8,-0.39,9.8,-1.26,25,-25
11257,44.02,1006.68,-20.04,-84.32,32.47,17.49,-0.36,9.74,-1.2,25,-25
11274,44.02,1006.68,-20.04,-84.28,33.09,16.95,-0.31,9.77,-1.21,25,-25
11291,44.02,1006.68,-20.04,-84.28,33.26,16.71,-0.35,9.72,-1.28,25,-25
11308,44.04,1006.72,-21.14,-84.29,31.93,18,-0.4,9.79,-1.23,25,-25
11325,44.04,1006.72,-21.14,-84.26,31.72,18.25,-0.28,9.75,-1.29,25,-25
11342,44.02,1006.81,-23.61,-84.22,32.44,17.56,-0.31,9.73,-1.19,25,-25
11359,44.04,1006.59,-17.57,-84.21,31.93,18.05,-0.41,9.74,-1.24,25,-25
11376,44.04,1006.72,-21.14,-84.21,31.75,18.25,-0.33,9.77,-1.21,25,-25
11393,44.04,1006.59,-17.57,-84.21,30.15,19.79,-0.33,9.71,-1.22,25,-25
11410,44.04,1006.72,-21.14,-84.13,29.38,20.61,-0.31,9.8,-1.25,25,-24.24
11427,44.04,1006.72,-21.14,-84.1,29.58,20.38,-0.35,9.82,-1.17,25,-24.24
11444,44.04,1006.72,-21.14,-84.17,29.57,20.41,-0.34,9.78,-1.25,25,-24.24
11461,44.04,1006.72,-21.14,-84.13,29.82,20.19,-0.25,9.87,-1.16,25,-24.24
11478,44.04,1006.72,-21.14,-84.04,29.56,20.5,-0.32,9.84,-1.17,25,-24.24
11495,44.04,1006.72,-21.14,-84.01,29.53,20.6,-0.37,9.85,-1.25,25,-24.24
11512,44.04,1006.72,-21.14,-84.03,28.93,21.13,-0.31,9.78,-1.26,25,-25
11529,44.04,1006.72,-21.14,-84.02,28.33,21.77,-0.31,9.79,-1.19,25,-25
11546,44.06,1006.75,-21.96,-84.03,28.02,22.06,-0.33,9.81,-1.13,25,-25
11563,44.04,1006.72,-21.14,-84.01,26.94,23.09,-0.35,9.77,-1.18,25,-25
11580,44.04,1006.59,-17.57,-83.97,27.12,22.86,-0.29,9.8,-1.33,25,-25
11597,44.06,1006.63,-18.67,-83.98,27.39,22.66,-0.34,9.71,-1.22,25,-25
11614,44.04,1006.72,-21.14,-83.97,27.5,22.6,-0.32,9.8,-1.18,25,-25
11631,44.06,1006.63,-18.67,-83.97,27.4,22.68,-0.28,9.89,-1.15,25,-25
11648,44.06,1006.75,-21.96,-83.97,26.86,23.21,-0.35,9.7,-1.36,25,-25
11665,44.06,1006.63,-18.67,-83.9,27.01,23.1,-0.34,9.71,-1.18,25,-25
11682,44.06,1006.75,-21.96,-83.97,26.96,23.09,-0.34,9.76,-1.25,25,-25
11699,44.06,1006.75,-21.96,-83.97,26.38,23.6,-0.28,9.85,-1.2,25,-25
11716,44.06,1006.75,-21.96,-84.03,26.13,23.77,-0.31,9.81,-1.18,25,-24.69
11733,44.06,1006.75,-21.96,-83.95,26.44,23.43,-0.32,9.85,-1.18,25,-24.69
11750,44.06,1006.63,-18.67,-84.03,27.92,21.98,-0.24,9.85,-1.15,25,-24.69
11767,44.06,1006.75,-21.96,-83.95,27.43,22.41,-0.34,9.77,-1.22,25,-24.69
11784,44.06,1006.63,-18.67,-83.94,27.27,22.58,-0.32,9.87,-1.13,25,-24.69
11801,44.06,1006.75,-21.96,-83.95,28.71,21.16,-0.79,9.8,-1.25,25,-24.69
11818,44.06,1006.63,-18.67,-83.92,27.94,22.02,-0.29,9.57,-0.57,25,-25
11835,44.08,1006.67,-19.76,-83.96,27.66,22.72,-0.75,9.78,-0.51,25,-25
11852,44.08,1006.79,-23.06,-83.94,27.58,23.4,-0.53,9.26,-0.97,25,-25
11869,44.08,1006.79,-23.06,-84.07,27.87,23.84,-0.1,10.25,-2.04,25,-25
11886,44.08,1006.67,-19.76,-84.07,28.52,23.92,-0.36,9.82,-2.41,25,-25
11903,44.08,1006.67,-19.76,-84.09,28.4,24.35,-0.34,9.78,-2.31,25,-25
11920,44.08,1006.79,-23.06,-84.19,29.47,23.44,-0.02,9.75,-2.13,25,-25
11937,44.08,1006.67,-19.76,-84.22,30.46,22.46,-0.23,9.23,-1.3,25,-25
11954,44.08,1006.67,-19.76,-84.34,31.39,21.85,-0.48,7.24,1.94,25,-25
11971,44.08,1006.67,-19.76,-84.39,32.27,22.4,-1.49,12.08,-0.12,25,-25
11988,44.08,1006.67,-19.76,-84.28,33.87,22.36,-0.82,12.74,-4.59,25,-25
12005,44.08,1006.54,-16.2,-84.22,34.27,22.63,-2.81,11.8,-5.34,25,-25
12022,44.08,1006.67,-19.76,-84.49,37.27,18.98,-1.15,14.74,-5.14,25,-25
12039,44.08,1006.67,-19.76,-84.72,41.68,13.63,-0.25,16.5,-7.11,25,-25
12056,44.08,1006.54,-16.2,-84.98,50.07,4.13,-0.56,15.59,-6.86,25,-25
12073,44.08,1006.67,-19.76,-84.88,65.01,-11.9,-1.68,14.04,-4.41,25,-25
12090,44.08,1006.79,-23.06,-84.33,80.98,-28.98,-2.75,28.96,-5.33,25,-25
12107,44.09,1006.58,-17.3,-83.4,93.2,-42.42,-0.91,12.65,-2.39,25,-25
12124,44.09,1006.7,-20.59,-81.98,102.54,-53.35,-1.52,12.84,-2.07,25,-25
12141,44.08,1006.79,-23.06,-80.35,107.71,-59.75,0.68,11.82,-3.04,25,-25
12158,44.08,1006.67,-19.76,-78.37,110.99,-64.77,2.86,11.21,-0.75,25,-25
12175,44.08,1006.67,-19.76,-76.35,113.48,-68.91,3.62,10.77,0.56,25,-25
12192,44.08,1006.67,-19.76,-74.37,115.5,-72.72,3.27,10.41,-0.43,25,-25
12209,44.09,1006.58,-17.3,-72.42,117.39,-76.48,2,11.97,-0.17,25,-25
12226,44.09,1006.7,-20.59,-70.41,119.2,-79.65,1.49,13.44,1,25,-25
12243,44.09,1006.58,-17.3,-68.46,121.12,-83,3.06,10.07,2.16,25,-25
12260,44.11,1006.74,-21.69,-66.66,122.99,-86.33,4.63,6.92,1.59,25,-25
12277,44.09,1006.58,-17.3,-65.33,124.67,-89.29,4.11,6.67,-0.37,25,-25
12294,44.09,1006.58,-17.3,-64.39,126.06,-91.81,4.08,7.19,1.59,25,-25
12311,44.09,1006.58,-17.3,-63.66,127.75,-94.44,4.74,8.32,2.25,25,-25
12328,44.09,1006.7,-20.59,-63.51,129.67,-97.21,4.29,9.13,2.45,25,-25
12345,44.09,1006.58,-17.3,-63.47,131.7,-100.29,3.77,9.29,2.31,25,-25
12362,44.09,1006.58,-17.3,-63.54,133.94,-103.68,3.88,8.04,2.06,25,-25
12379,44.11,1006.61,-18.12,-63.59,136.14,-107.06,3.76,8.28,1.95,25,-25
12396,44.09,1006.7,-20.59,-63.69,138.52,-110.54,4.19,8.25,1.9,25,-25
12413,44.11,1006.74,-21.69,-63.7,140.85,-113.88,4.2,7.9,1.84,25,-25
12430,44.11,1006.74,-21.69,-63.5,142.71,-116.58,3.9,7.81,2.32,25,-25
12447,44.11,1006.61,-18.12,-63.16,144.89,-119.45,4.23,8.2,1.47,25,-25
12464,44.11,1006.61,-18.12,-62.91,147.04,-122.46,4.32,6.61,1.81,25,-25
12481,44.11,1006.61,-18.12,-62.6,148.9,-124.74,3.93,6.46,2.03,25,-25
12498,44.11,1006.74,-21.69,-62.32,150.74,-127.19,3.51,5.49,1.91,25,-25
12515,44.11,1006.74,-21.69,-61.99,152.38,-129.25,2.81,4.38,1.57,25,-25
12532,44.11,1006.74,-21.69,-61.5,153.78,-130.75,1.95,3.22,1.24,25,-25
12549,44.11,1006.61,-18.12,-61.11,154.75,-130.92,1.3,3.69,0.94,25,-25
12564,44.11,1006.61,-18.12,-60.67,155.2,-130.17,1.11,5.14,-0.1,25,-25
12580,44.11,1006.61,-18.12,-60.42,155.27,-129.62,1.08,4.58,2.03,25,-25
12596,44.11,1006.61,-18.12,-60.15,155.3,-129.2,2.06,3.85,2.22,25,-25
12612,44.11,1006.61,-18.12,-59.99,155.38,-128.78,2.85,3.32,1.55,25,-25
12629,44.11,1006.61,-18.12,-59.96,155.58,-128.09,2.06,2.83,1.37,25,-25
12645,44.13,1006.65,-19.22,-60.24,156.06,-127.8,0.62,4.33,0.93,25,-25
12662,44.11,1006.74,-21.69,-60.81,156.94,-128.47,3.28,6.67,1.79,25,-25
12678,44.13,1006.65,-19.22,-61.45,157.95,-129.43,4.72,5.38,2.32,25,-25
12695,44.13,1006.65,-19.22,-62.08,160,-131.1,4.53,4.93,1.9,25,-25
12712,44.13,1006.65,-19.22,-62.9,162.49,-133.02,3.37,5.5,1.36,25,-25
12729,44.13,1006.65,-19.22,-63.66,165.09,-134.9,2.98,6.46,1.26,25,-25
12746,44.13,1006.65,-19.22,-64.05,167.83,-136.88,3.05,7.58,1.43,25,-25
12763,44.13,1006.91,-26.35,-64.26,170.94,-139.22,2.84,7.25,2.04,25,-25
12780,44.13,1006.65,-19.22,-64.27,174.27,-142.04,2.81,7.29,2.04,25,-25
12797,44.13,1006.65,-19.22,-64.04,177.62,-145.06,3.12,7.72,1.79,25,-25
12814,44.13,1006.65,-19.22,-63.62,-178.69,-148.41,2.64,8.71,1.89,25,-25
12831,44.14,1006.69,-20.31,-62.79,-175.26,-152.03,2.45,8.5,2.66,25,-25
12848,44.13,1006.65,-19.22,-61.78,-172.29,-155,1.14,6.07,6.54,25,25
12865,44.14,1006.69,-20.31,-60.41,-169.42,-156.41,1.55,4.37,7.24,25,25
12882,44.13,1006.65,-19.22,-58.67,-167.63,-154.55,1.47,3.35,4.92,25,25
12899,44.13,1006.65,-19.22,-56.73,-166.13,-150.22,1.22,2.87,3.2,25,25
12916,44.14,1006.69,-20.31,-54.92,-165.11,-144.91,0.55,0.48,0.36,25,25
12931,44.13,1006.65,-19.22,-53.17,-164.27,-139.64,0.04,0.65,-0.88,25,25
12947,44.13,1006.65,-19.22,-51.72,-163.33,-134.72,0.94,1.02,-1.04,25,25
12964,44.13,1006.65,-19.22,-50.33,-162.18,-129.94,1.1,1.16,-1.63,25,25
12981,44.13,1006.65,-19.22,-49.54,-159.33,-126.99,11.05,12.31,-6.72,25,25
12998,44.13,1006.65,-19.22,-50.03,-150.33,-130.03,0.67,1.76,-5.06,25,25
13015,44.13,1006.65,-19.22,-49.87,-141.51,-132.95,3.16,12.96,-9.03,25,25
13032,44.14,1006.05,-2.75,-49.12,-137.51,-130.65,-115,151.99,-124.14,25,25
13049,44.13,1006.65,-19.22,-49.16,-137.88,-122.93,-6.11,-6.63,-8.7,25,25
13066,44.14,1006.69,-20.31,-48.89,-138.1,-114.77,1.11,1.29,-3.11,25,25
13082,44.14,1006.69,-20.31,-48.71,-138.1,-107.53,1.06,-0.61,-3.85,25,25
13099,44.14,1006.69,-20.31,-48.62,-138.24,-100.38,0.65,-1.37,-3.99,25,25
13115,44.14,1006.82,-23.88,-48.47,-137.99,-93.78,1.7,0.73,-4.52,25,25
13132,44.14,1006.82,-23.88,-48.18,-137.65,-88.44,1.74,1.47,-6.34,25,25
13148,44.14,1006.69,-20.31,-47.95,-136.79,-84.51,2.19,0.46,-11.55,25,25
13165,44.13,1006.65,-19.22,-47.45,-136.16,-80.99,-0.53,-7.42,-18.07,25,25
13182,44.14,1006.69,-20.31,-47.32,-136.48,-76.95,-5.15,-5.67,-16.56,25,25
13199,44.14,1006.56,-16.75,-47.29,-136.57,-73.92,0.22,-3.03,-7.86,25,25
13216,44.14,1006.69,-20.31,-47.23,-136.45,-71.84,0.86,-2.62,-6.82,25,25
13233,44.14,1006.69,-20.31,-47.08,-136.3,-70.43,0.13,-3.73,-8.2,25,25
13250,44.14,1006.69,-20.31,-47.12,-136.33,-69.68,-0.32,-5.12,-10,25,25
13267,44.14,1006.69,-20.31,-46.92,-136.32,-69.8,-0.2,-4.7,-9.58,25,25
13284,44.13,1006.53,-15.92,-46.9,-136.37,-70.27,0.27,-3.59,-8.41,25,25
13301,44.14,1006.69,-20.31,-46.97,-136.22,-71.58,0.03,-3.86,-9.32,25,25
13318,44.13,1006.65,-19.22,-47.09,-136.18,-73.05,-0.05,-3.31,-9.49,25,25
13335,44.13,1006.78,-22.78,-47.11,-136.29,-74.68,-0.05,-2.93,-9.42,25,25
13352,44.13,1006.65,-19.22,-47.17,-136.3,-76.6,-0.01,-2.6,-9.59,25,25
13369,44.13,1006.78,-22.78,-47.18,-136.34,-78.59,-0.04,-2.21,-10.08,25,25
13386,44.13,1006.78,-22.78,-47.26,-136.33,-80.45,-0.23,-1.32,-9.44,25,25
13403,44.13,1006.65,-19.22,-47.24,-136.27,-82.16,0.04,-1.14,-9.63,25,25
13420,44.14,1006.69,-20.31,-47.32,-136.31,-83.61,0,-0.86,-9.72,25,25
13437,44.14,1006.82,-23.88,-47.27,-136.36,-84.84,0.07,-0.82,-10.03,25,25
13454,44.13,1006.65,-19.22,-47.28,-136.41,-85.8,-0.06,-0.3,-9.77,25,25
13471,44.13,1006.65,-19.22,-47.36,-136.47,-86.56,-0.06,-0.19,-9.49,25,25
13488,44.14,1006.82,-23.88,-47.43,-136.26,-87.28,0.1,-0.06,-9.54,25,25
13505,44.13,1006.78,-22.78,-47.58,-136.2,-87.54,-0.05,-0.03,-9.4,25,25
13522,44.13,1006.65,-19.22,-47.63,-136.24,-87.47,-0.03,-0.33,-9.78,25,25
13539,44.13,1006.65,-19.22,-47.46,-136.21,-87.25,-0.06,-0.39,-9.78,25,25
13556,44.13,1006.65,-19.22,-47.45,-136.32,-86.91,-0.01,-0.57,-9.75,25,25
13573,44.13,1006.65,-19.22,-47.27,-136.31,-86.62,0.09,-0.67,-9.9,25,25
13590,44.13,1006.65,-19.22,-47.39,-136.28,-86.46,0.09,-0.85,-9.82,25,25
13607,44.13,1006.78,-22.78,-47.39,-136.17,-86.47,0.03,-0.94,-9.85,25,25
13624,44.13,1006.65,-19.22,-47.46,-135.98,-86.56,0,-0.83,-9.86,25,25
13641,44.14,1006.82,-23.88,-47.52,-135.93,-86.7,-0.03,-0.75,-9.84,25,25
13658,44.13,1006.65,-19.22,-47.32,-136.06,-86.67,0,-0.66,-9.79,25,25
13675,44.13,1006.78,-22.78,-47.31,-136.01,-86.84,0.03,-0.45,-9.74,25,25
13692,44.13,1006.65,-19.22,-47.32,-136.08,-86.87,0.01,-0.51,-9.69,25,25
13709,44.14,1006.69,-20.31,-47.24,-136.06,-86.84,0.01,-0.51,-9.74,25,25
13726,44.13,1006.65,-19.22,-47.13,-136.02,-86.94,0.08,-0.57,-9.72,25,25
13743,44.13,1006.65,-19.22,-47.22,-135.92,-86.98,0.06,-0.68,-9.8,25,25
13760,44.13,1006.65,-19.22,-47.15,-135.94,-87.02,0,-0.77,-9.86,25,25
13777,44.13,1006.78,-22.78,-47.3,-135.81,-87.18,0.04,-0.62,-9.82,25,25
13794,44.13,1006.78,-22.78,-47.36,-135.77,-87.17,-0.01,-0.64,-9.73,25,25
13811,44.13,1006.78,-22.78,-47.32,-135.66,-87.32,0.02,-0.6,-9.77,25,25
13828,44.13,1006.65,-19.22,-47.28,-135.74,-87.22,0,-0.64,-9.8,25,25
13845,44.13,1006.65,-19.22,-47.36,-135.67,-87.28,-0.03,-0.64,-9.85,25,25
13862,44.13,1006.65,-19.22,-47.32,-135.56,-87.43,0.01,-0.64,-9.78,25,25
13879,44.13,1006.65,-19.22,-47.42,-135.6,-87.47,0.02,-0.7,-9.77,25,25
13896,44.13,1006.65,-19.22,-47.42,-135.62,-87.39,0.02,-0.68,-9.8,25,25
13913,44.13,1006.78,-22.78,-47.65,-135.67,-87.37,0,-0.56,-9.81,25,25
13930,44.13,1006.65,-19.22,-47.63,-135.66,-87.36,0,-0.66,-9.83,25,25
13947,44.13,1006.78,-22.78,-47.65,-135.75,-87.38,-0.04,-0.68,-9.78,25,25
13964,44.13,1006.65,-19.22,-47.77,-135.81,-87.2,-0.01,-0.67,-9.86,25,25
13981,44.13,1006.78,-22.78,-47.7,-135.64,-87.27,0.05,-0.6,-9.73,25,25
13998,44.13,1006.65,-19.22,-47.77,-135.78,-87.2,0.01,-0.69,-9.7,25,25
14015,44.13,1006.78,-22.78,-47.79,-135.74,-87.3,0.06,-0.67,-9.74,25,25
14032,44.13,1006.65,-19.22,-47.8,-135.63,-87.38,0.04,-0.68,-9.8,25,25
14049,44.13,1006.65,-19.22,-47.77,-135.6,-87.44,0.04,-0.65,-9.85,25,25
14066,44.14,1006.82,-23.88,-47.82,-135.5,-87.47,0.02,-0.64,-9.82,25,25
14083,44.13,1006.65,-19.22,-47.86,-135.35,-87.6,0.07,-0.65,-9.81,25,25
14100,44.13,1006.78,-22.78,-47.75,-135.28,-87.71,0.1,-0.63,-9.77,25,25
14117,44.13,1006.78,-22.78,-47.61,-135.38,-87.65,0.04,-0.58,-9.73,25,25
14134,44.14,1006.69,-20.31,-47.57,-135.22,-87.74,0.1,-0.6,-9.76,25,25
14151,44.13,1006.78,-22.78,-47.62,-135.26,-87.74,0.03,-0.58,-9.79,25,25
14168,44.13,1006.78,-22.78,-47.68,-135.21,-87.79,-0.01,-0.68,-9.74,25,25
14185,44.13,1006.65,-19.22,-47.67,-135.2,-87.88,0.04,-0.58,-9.74,25,25
14202,44.13,1006.53,-15.92,-47.63,-135.22,-87.87,0.01,-0.61,-9.76,25,25
14219,44.13,1006.65,-19.22,-47.68,-135.2,-87.92,0,-0.66,-9.79,25,25
14236,44.14,1006.69,-20.31,-47.55,-135.21,-87.94,-0.04,-0.59,-9.76,25,25
14253,44.13,1006.65,-19.22,-47.61,-135.21,-87.96,-0.04,-0.58,-9.82,25,25
14270,44.13,1006.78,-22.78,-47.5,-135.23,-87.96,0.04,-0.63,-9.82,25,25
14287,44.13,1006.65,-19.22,-47.43,-135.17,-87.94,-0.01,-0.6,-9.81,25,25
14304,44.13,1006.78,-22.78,-47.48,-135.06,-87.96,0,-0.61,-9.76,25,25
14321,44.14,1006.69,-20.31,-47.56,-135.08,-88.01,-0.02,-0.55,-9.75,25,25
14338,44.13,1006.65,-19.22,-47.49,-135.01,-88.13,-0.02,-0.59,-9.73,25,25
14355,44.13,1006.65,-19.22,-47.5,-135.12,-88.12,0.09,-0.62,-9.78,25,25
14372,44.14,1006.69,-20.31,-47.37,-135.12,-88.07,-0.03,-0.61,-9.79,25,25
14389,44.14,1006.69,-20.31,-47.39,-135.09,-88.06,0.04,-0.57,-9.79,25,25
14406,44.14,1006.82,-23.88,-47.36,-135.09,-88.11,0.03,-0.52,-9.7,25,25
14423,44.13,1006.65,-19.22,-47.3,-135.07,-88.27,-0.01,-0.58,-9.82,25,25
14440,44.13,1006.78,-22.78,-47.25,-134.88,-88.34,0,-0.61,-9.84,25,25
14457,44.14,1006.69,-20.31,-47.13,-134.88,-88.39,0.01,-0.62,-9.78,25,25
14474,44.14,1006.69,-20.31,-47.1,-134.9,-88.39,-0.09,-0.67,-9.81,25,25
14491,44.13,1006.65,-19.22,-47.12,-134.88,-88.43,0.02,-0.66,-9.77,25,25
14508,44.14,1006.69,-20.31,-47.09,-134.85,-88.44,0.04,-0.63,-9.7,25,25
14525,44.14,1006.56,-16.75,-47.1,-134.89,-88.42,0,-0.59,-9.77,25,25
14542,44.14,1006.69,-20.31,-47.1,-134.99,-88.38,0.04,-0.56,-9.73,25,25
14559,44.14,1006.69,-20.31,-46.9,-134.98,-88.45,-0.02,-0.66,-9.8,25,25
14576,44.14,1006.69,-20.31,-46.9,-134.93,-88.45,0.01,-0.57,-9.68,25,25
14593,44.14,1006.69,-20.31,-46.84,-134.9,-88.42,-0.04,-0.53,-9.78,25,25
14610,44.14,1006.69,-20.31,-46.82,-134.91,-88.36,-0.04,-0.58,-9.76,25,25
14627,44.14,1006.69,-20.31,-46.74,-134.81,-88.41,0.05,-0.58,-9.76,25,25
14644,44.14,1006.69,-20.31,-46.72,-134.99,-88.29,0.06,-0.59,-9.82,25,25
14661,44.14,1006.69,-20.31,-46.75,-134.89,-88.32,0.03,-0.59,-9.76,25,25
14678,44.14,1006.69,-20.31,-46.74,-134.82,-88.3,0.11,-0.64,-9.83,25,25
14695,44.16,1006.73,-21.41,-46.69,-134.88,-88.32,0.01,-0.59,-9.81,25,25
14712,44.14,1006.69,-20.31,-46.54,-134.96,-88.25,0.02,-0.68,-9.83,25,25
14729,44.16,1006.73,-21.41,-46.52,-135.01,-88.32,0.05,-0.65,-9.79,25,25
14746,44.14,1006.82,-23.88,-46.42,-135.15,-88.18,0.02,-0.6,-9.83,25,25
14763,44.14,1006.56,-16.75,-46.4,-135.09,-88.36,-0.04,-0.62,-9.83,25,25
14780,44.14,1006.69,-20.31,-46.49,-135.01,-88.47,0.02,-0.56,-9.77,25,25
14797,44.14,1006.69,-20.31,-46.48,-134.99,-88.58,0.04,-0.62,-9.77,25,25
14814,44.14,1006.69,-20.31,-46.6,-134.99,-88.55,0.04,-0.57,-9.8,25,25
14831,44.14,1006.69,-20.31,-46.56,-135.08,-88.41,0.03,-0.54,-9.78,25,25
14848,44.14,1006.69,-20.31,-46.56,-135.14,-88.41,0.02,-0.61,-9.8,25,25
14865,44.14,1006.69,-20.31,-46.41,-135.2,-88.39,-0.01,-0.66,-9.8,25,25
14882,44.16,1006.73,-21.41,-46.45,-135.18,-88.48,0.08,-0.57,-9.68,25,25
14899,44.14,1006.56,-16.75,-46.63,-135.21,-88.39,0.04,-0.65,-9.77,25,25
14916,44.16,1006.73,-21.41,-46.72,-135.16,-88.43,0.08,-0.53,-9.67,25,25
14933,44.16,1006.73,-21.41,-46.68,-135.22,-88.44,0.01,-0.63,-9.74,25,25
14950,44.14,1006.69,-20.31,-46.78,-135.22,-88.42,-0.05,-0.63,-9.74,25,25
14967,44.14,1006.82,-23.88,-46.72,-135.22,-88.42,-0.03,-0.59,-9.72,25,25
14984,44.14,1006.69,-20.31,-46.63,-135.27,-88.43,0.05,-0.6,-9.77,25,25
